id;idOriginal;rotulo;class_mac1;class_mac2;class_mac3
1;955433;Real;fake;fake;fake
3;855748;Real;real;fake;fake
4;945955;Real;fake;fake;fake
5;853862;Real;real;fake;fake
6;841827;Real;fake;fake;fake
9;842768;Real;fake;fake;fake
11;843877;Real;fake;fake;fake
12;843265;Real;fake;fake;fake
13;846427;Real;fake;fake;fake
14;954723;Real;fake;fake;fake
16;855102;Real;fake;fake;fake
17;849715;Real;fake;fake;fake
18;847364;Real;real;fake;fake
21;843869;Real;fake;fake;fake
22;903840;Real;fake;fake;fake
24;884295;Real;fake;fake;fake
28;949445;Real;fake;fake;fake
31;930203;Real;fake;fake;fake
32;945947;Real;fake;fake;fake
33;907679;Real;fake;fake;fake
35;901160;Real;fake;fake;fake
37;846191;Real;fake;fake;fake
39;916342;Real;fake;fake;fake
44;849528;Real;fake;fake;fake
47;903088;Real;fake;fake;fake
54;932143;Real;fake;fake;fake
55;955791;Real;fake;fake;fake
56;897660;Real;fake;fake;fake
62;843938;Real;real;real;fake
65;843468;Real;fake;fake;fake
67;884496;Real;fake;fake;fake
69;850273;Real;real;fake;fake
73;887111;Real;fake;real;fake
74;851464;Real;fake;fake;fake
76;865440;Real;real;fake;fake
78;847423;Real;fake;fake;fake
79;851272;Real;fake;fake;fake
80;873825;Real;fake;fake;fake
82;848390;Real;real;fake;fake
86;874653;Real;real;real;fake
91;928817;Real;fake;fake;fake
92;889313;Real;fake;fake;fake
93;849450;Real;fake;fake;fake
97;868917;Real;fake;fake;fake
98;891848;Real;real;fake;fake
100;856668;Real;fake;fake;fake
101;906096;Real;real;fake;fake
103;860813;Real;fake;fake;fake
105;883456;Real;fake;fake;fake
107;845824;Real;fake;fake;real
108;916523;Real;fake;fake;real
109;930072;Real;real;fake;fake
112;946573;Real;real;fake;fake
113;897978;Real;real;fake;real
117;866405;Real;real;fake;real
119;953363;Real;real;fake;real
120;954269;Real;real;real;real
122;853066;Real;fake;fake;real
123;892834;Real;real;real;real
124;930682;Real;fake;fake;real
127;936493;Real;fake;fake;real
128;883599;Real;fake;fake;real
129;900856;Real;fake;fake;fake
130;904018;Real;fake;fake;real
134;877436;Real;real;real;real
136;868067;Real;fake;fake;real
137;913011;Real;real;real;real
141;919175;Real;real;real;real
144;923044;Real;fake;fake;real
146;841456;Real;real;real;real
147;936370;Real;real;real;real
150;897553;Real;real;real;real
151;921780;Real;real;real;real
153;860652;Real;fake;real;real
155;860406;Real;fake;fake;real
157;870472;Real;real;fake;real
161;851862;Real;real;real;real
162;868185;Real;real;real;real
163;946575;Real;fake;fake;real
166;907064;Real;real;fake;real
168;879027;Real;real;real;real
170;852948;Real;real;real;real
173;862222;Real;fake;real;real
175;885559;Real;fake;real;real
176;920346;Real;fake;real;real
178;932288;Real;real;real;real
179;914394;Real;real;real;real
181;933834;Real;fake;fake;real
182;951012;Real;real;fake;real
185;884684;Real;real;real;real
187;845799;Real;fake;real;real
190;891191;Real;fake;real;real
191;938211;Real;real;fake;real
194;901988;Real;fake;fake;real
195;864922;Real;real;fake;real
196;951873;Real;fake;real;real
197;904632;Real;fake;fake;real
205;924999;Real;real;real;real
206;908933;Real;real;real;real
208;900461;Real;real;real;real
209;852666;Real;fake;fake;real
216;837447;Real;real;real;real
219;843804;Real;real;real;real
220;924760;Real;fake;real;real
222;916808;Real;fake;fake;real
223;857822;Real;fake;real;real
224;863531;Real;real;real;real
228;906572;Real;real;real;real
229;897485;Real;real;real;real
230;846211;Real;fake;fake;real
232;914861;Real;real;real;real
234;913174;Real;real;fake;real
236;896908;Real;fake;real;real
237;841738;Real;real;real;real
238;899834;Real;real;real;real
242;891291;Real;real;real;real
244;946961;Real;real;real;real
249;849449;Real;fake;real;real
250;878459;Real;real;real;real
251;866453;Real;real;fake;fake
253;897995;Real;real;real;real
256;843726;Real;real;real;real
258;832997;Real;fake;real;real
260;880467;Real;real;real;real
261;940533;Real;real;real;real
262;906298;Real;real;real;real
267;853266;Real;real;real;real
268;896438;Real;real;real;real
269;927561;Real;fake;fake;real
271;885134;Real;real;real;real
272;897107;Real;real;real;real
273;913152;Real;real;real;real
275;847198;Real;real;real;real
282;842177;Real;real;real;real
283;860853;Real;real;real;real
284;940556;Real;real;real;real
285;865163;Real;real;real;real
286;917937;Real;real;real;real
288;882341;Real;real;real;real
290;908709;Real;fake;real;real
291;918513;Real;real;real;real
294;931082;Real;real;real;real
297;752203;Real;real;real;real
299;907725;Real;real;real;real
305;911393;Real;real;real;real
307;848895;Real;real;real;real
310;934522;Real;real;real;real
311;921266;Real;real;real;real
319;897778;Real;real;real;real
323;878585;Real;fake;fake;real
324;943196;Real;real;real;fake
326;922400;Real;real;real;real
327;914675;Real;real;real;real
328;873725;Real;real;real;real
330;853680;Real;real;real;real
331;928811;Real;real;real;real
332;858818;Real;real;real;real
335;899611;Real;real;real;real
336;842317;Real;real;real;real
338;878777;Real;real;real;real
340;940786;Real;real;real;real
342;877799;Real;real;real;real
344;893601;Real;real;real;real
346;861167;Real;real;real;real
347;938999;Real;fake;real;real
350;868324;Real;real;real;real
351;951658;Real;real;real;real
353;888112;Real;real;real;real
354;915186;Real;real;real;real
360;567233;Real;fake;real;real
361;867171;Real;real;real;real
362;926537;Real;real;real;real
364;905118;Real;real;real;real
367;841703;Real;real;real;real
368;916106;Real;real;real;real
370;916135;Real;real;real;real
373;882539;Real;real;real;fake
376;928080;Real;real;real;real
377;931842;Real;real;real;real
380;916128;Real;real;real;real
383;843926;Real;real;real;real
384;872590;Real;real;real;real
385;901646;Real;real;real;real
386;948412;Real;fake;real;real
387;942919;Real;fake;real;real
388;851616;Real;real;real;real
389;905922;Real;fake;real;real
392;903027;Real;real;real;real
393;928240;Real;real;real;real
395;866093;Real;real;real;real
396;841815;Real;real;real;real
398;877496;Real;real;real;real
402;923753;Real;real;real;real
403;861784;Real;real;real;real
404;909559;Real;real;real;real
408;917895;Real;real;real;real
409;923040;Real;real;real;real
411;896162;Real;real;real;real
415;849423;Real;real;real;real
416;890460;Real;real;real;real
419;909455;Real;real;real;real
420;913571;Real;real;real;real
424;847124;Real;fake;fake;real
426;868053;Real;real;real;real
427;922357;Real;fake;fake;real
428;899199;Real;real;real;real
430;849001;Real;real;real;real
433;857511;Real;real;real;real
434;855366;Real;real;real;real
435;869718;Real;real;real;real
438;902972;Real;real;real;real
442;951906;Real;real;real;real
448;870147;Real;real;real;real
452;916167;Real;real;real;real
453;916888;Real;fake;real;real
454;872044;Real;real;real;real
455;940448;Real;fake;fake;real
458;913751;Real;real;real;real
459;858032;Real;real;real;real
460;922863;Real;real;real;real
461;865518;Real;real;real;real
463;863144;Real;real;real;real
467;899309;Real;real;real;real
469;860430;Real;real;real;real
472;893265;Real;real;real;real
473;875292;Real;real;real;real
475;871700;Real;real;real;real
476;924568;Real;fake;real;real
478;889584;Real;real;real;real
481;858625;Real;real;real;real
483;909519;Real;real;real;real
484;898604;Real;real;real;real
486;896190;Real;real;real;real
487;884533;Real;real;real;real
489;940986;Real;real;real;real
490;906144;Real;real;real;real
493;891375;Real;fake;real;real
496;852548;Real;real;real;real
504;898318;Real;real;real;real
507;909515;Real;real;real;real
509;914699;Real;real;real;real
510;871749;Real;real;real;real
511;884102;Real;fake;real;real
513;864510;Real;fake;real;real
514;865327;Real;real;real;real
515;861854;Real;real;real;real
516;876106;Real;real;real;real
519;848971;Real;real;real;real
520;885554;Real;real;real;real
523;892144;Real;fake;real;real
524;857866;Real;fake;real;real
525;877460;Real;fake;real;real
526;870196;Real;real;real;real
527;858021;Real;real;real;real
528;921374;Real;real;real;real
529;921102;Real;real;real;real
530;916192;Real;real;real;real
531;874695;Real;real;real;real
532;954735;Real;real;real;real
533;922883;Real;real;real;real
536;917877;Real;real;real;real
539;870153;Real;real;real;real
541;937876;Real;real;real;real
542;913004;Real;real;real;real
548;864794;Real;real;real;real
550;940857;Real;real;real;real
551;850896;Real;real;real;real
552;899264;Real;real;real;real
553;858858;Real;real;real;real
554;876634;Real;real;real;fake
555;915277;Real;fake;fake;real
556;917794;Real;real;real;real
557;857932;Real;real;real;real
559;861612;Real;real;real;real
560;922262;Real;real;real;real
562;946816;Real;fake;real;real
565;928324;Real;real;real;real
566;913738;Real;real;real;real
567;930658;Real;real;real;real
569;849629;Real;real;real;real
576;899872;Real;real;real;real
577;917071;Real;real;real;real
579;877604;Real;real;real;real
580;890349;Real;real;real;real
581;916180;Real;real;real;real
585;912725;Real;real;real;real
586;930161;Real;fake;real;real
588;859536;Real;real;real;real
589;939298;Real;real;real;real
591;856935;Real;real;real;real
592;899932;Real;real;real;real
593;875273;Real;real;real;real
594;855200;Real;real;real;real
595;912307;Real;real;real;real
596;883797;Real;real;real;real
599;881311;Real;real;real;real
605;925048;Real;real;real;real
606;873103;Real;fake;real;real
609;883814;Real;real;real;real
611;939466;Real;real;real;real
612;929461;Real;real;real;real
614;862017;Real;real;real;real
618;856130;Real;real;real;real
620;914705;Real;real;real;real
622;870049;Real;real;real;real
625;856628;Real;real;real;real
626;952242;Real;real;real;real
628;875794;Real;real;real;real
629;874634;Real;real;real;real
630;867166;Real;real;real;real
631;849297;Real;real;real;real
634;856873;Real;real;real;real
635;922722;Real;real;real;real
638;866821;Real;real;real;real
640;874682;Real;real;real;real
643;849137;Real;real;real;real
647;914662;Real;real;real;real
648;874619;Real;real;real;real
653;925734;Real;real;real;real
654;896163;Real;real;real;real
656;887134;Real;real;real;real
657;858197;Real;real;real;real
660;863756;Real;real;real;real
661;878980;Real;real;real;real
662;848196;Real;real;real;real
663;829853;Real;real;real;real
666;914647;Real;real;real;real
667;873820;Real;real;real;real
668;879615;Real;real;real;real
669;866139;Real;real;real;real
671;926708;Real;real;real;real
672;896821;Real;real;real;real
673;928053;Real;real;real;real
674;914317;Real;real;real;real
675;939364;Real;real;real;real
676;944140;Real;real;real;real
679;844775;Real;real;real;real
680;857378;Real;real;real;real
682;919885;Real;real;real;real
684;902861;Real;real;real;real
685;868834;Real;real;real;real
687;921961;Real;real;real;real
688;918845;Real;real;real;real
689;949995;Real;fake;real;real
690;916074;Real;real;real;real
696;875795;Real;fake;real;real
697;879021;Real;real;real;real
699;921410;Real;real;real;real
704;924524;Real;real;real;real
705;871532;Real;real;real;real
707;844531;Real;real;real;real
708;857467;Real;real;real;real
711;901743;Real;real;real;real
713;910747;Real;real;real;real
716;924476;Real;real;real;real
721;921968;Real;real;real;real
724;891532;Real;real;real;real
725;852858;Real;real;real;real
728;919883;Real;real;real;real
729;922826;Real;real;real;real
733;862255;Real;real;real;real
735;857810;Real;real;real;real
736;870173;Real;real;real;real
740;913467;Real;real;real;real
741;861692;Real;real;real;real
744;876603;Real;real;real;real
745;914573;Real;real;real;real
746;845420;Real;real;real;real
747;917866;Real;real;real;real
748;927872;Real;real;real;real
749;867175;Real;real;real;real
752;919948;Real;real;real;real
753;903464;Real;real;real;real
754;843637;Real;real;real;real
755;849045;Real;real;real;real
757;950044;Real;real;real;real
759;908326;Real;real;real;real
762;887158;Real;real;real;real
765;860374;Real;real;real;real
767;858862;Real;real;real;real
769;853216;Real;real;real;real
771;857273;Real;real;real;real
774;930641;Real;real;real;real
779;944290;Real;real;real;real
781;929709;Real;real;real;real
782;860903;Real;real;real;real
783;913116;Real;real;real;real
787;927843;Real;real;real;real
789;859219;Real;real;real;real
791;870127;Real;real;real;real
792;874343;Real;real;real;real
793;916883;Real;real;real;real
794;886233;Real;real;real;real
796;866456;Real;real;real;real
798;885248;Real;real;real;real
799;945974;Real;real;real;real
803;907035;Real;real;real;real
805;857765;Real;real;real;real
806;928057;Real;real;real;real
807;914262;Real;real;real;real
809;861133;Real;real;real;real
810;876990;Real;real;real;fake
813;913039;Real;real;real;real
816;877511;Real;real;real;real
817;913135;Real;real;real;real
820;886177;Real;real;real;real
828;887817;Real;real;real;real
829;858878;Real;real;real;real
834;921474;Real;real;real;real
835;857818;Real;real;real;real
836;928899;Real;real;real;real
838;865588;Real;real;real;real
839;854980;Real;real;real;real
840;910231;Real;real;real;real
845;853978;Real;real;real;real
846;843746;Real;real;real;real
848;846055;Real;real;real;real
849;870151;Real;real;real;real
850;895789;Real;real;real;real
856;953891;Real;real;real;real
860;889953;Real;real;real;real
861;881919;Real;real;real;real
862;854620;Real;real;real;real
863;843437;Real;real;real;real
864;909396;Real;real;real;real
865;914643;Real;real;real;real
867;911075;Real;real;real;real
869;864730;Real;real;real;real
873;901993;Real;real;real;real
874;922801;Real;real;real;real
876;842933;Real;real;real;real
877;857804;Real;real;real;real
879;892627;Real;real;real;real
882;852856;Real;real;real;real
888;915800;Real;real;real;real
890;893182;Real;real;real;real
895;871865;Real;real;real;real
896;881112;Real;real;real;real
898;866060;Real;real;real;real
899;897667;Real;real;real;real
902;857063;Real;real;real;real
904;845440;Real;real;real;real
905;864648;Real;real;real;real
907;885939;Real;real;real;real
909;913983;Real;real;real;real
910;915183;Real;real;real;real
913;850363;Real;real;real;real
914;861691;Real;real;real;real
915;863029;Real;real;real;real
916;921419;Real;real;real;real
919;914726;Real;real;real;real
922;928826;Real;real;real;real
925;878932;Real;real;real;real
927;858210;Real;real;real;real
929;848148;Real;real;real;real
931;853752;Real;real;real;real
942;897169;Real;real;real;real
943;854348;Real;real;real;real
944;868360;Real;real;real;real
946;911475;Real;real;real;real
951;929988;Real;real;real;real
952;939288;Real;real;real;real
953;946668;Real;real;real;real
954;866572;Real;real;real;real
955;906303;Real;real;real;real
957;831504;Real;real;real;real
958;921479;Real;real;real;real
959;859490;Real;real;real;real
960;861659;Real;real;real;real
962;844768;Real;real;real;real
963;860891;Real;real;real;real
964;843341;Real;real;real;real
965;867210;Real;real;real;real
966;904841;Real;real;real;real
968;924487;Real;real;real;real
970;911353;Real;real;real;real
974;922874;Real;real;real;real
977;847146;Real;real;real;real
978;860344;Real;real;real;real
979;864807;Real;real;real;real
981;860292;Real;real;real;real
982;903671;Real;real;real;real
984;940840;Real;real;real;real
990;876717;Real;real;real;real
992;902669;Real;real;real;real
993;936025;Real;real;real;real
995;856338;Real;real;real;real
997;870122;Real;real;real;real
999;900143;Real;real;real;real
1002;893269;Real;real;real;real
1003;845370;Real;real;real;real
1004;867003;Real;real;real;real
1009;861163;Real;real;real;real
1011;903581;Real;real;real;real
1014;884437;Real;real;real;real
1017;902091;Real;real;real;real
1018;915780;Real;real;real;real
1021;919804;Real;real;real;real
1027;862579;Real;real;real;real
1031;891065;Real;real;real;real
1032;897661;Real;real;real;real
1038;922233;Real;real;real;real
1042;855350;Real;real;real;real
1044;939274;Real;real;real;real
1047;848991;Real;real;real;real
1050;922453;Real;real;real;real
1051;853132;Real;real;real;real
1052;932529;Real;real;real;real
1054;841885;Real;real;real;real
1057;844747;Real;real;real;real
1058;911358;Real;real;real;real
1059;847173;Real;real;real;real
1062;912645;Real;real;real;real
1063;911776;Real;real;real;real
1065;912768;Real;real;real;real
1067;846843;Real;real;real;real
1071;896094;Real;real;real;real
1072;912717;Real;real;real;real
1073;897396;Real;real;real;real
1075;844811;Real;real;real;real
1076;897713;Real;real;real;real
1077;877072;Real;real;real;real
1078;877147;Real;real;real;real
1079;914690;Real;real;real;real
1082;847664;Real;real;real;real
1086;871386;Real;real;real;real
1087;921517;Real;real;real;real
1088;871084;Real;real;real;real
1089;845400;Real;real;real;real
1090;866916;Real;real;real;real
1096;876016;Real;real;real;real
1103;926580;Real;real;real;real
1104;860261;Real;real;real;real
1105;893036;Real;real;real;real
1108;846097;Real;real;real;real
1109;875261;Real;real;real;real
1111;902784;Real;real;real;real
1115;884661;Real;real;real;real
1116;848097;Real;real;real;real
1118;947027;Real;real;real;real
1120;928667;Real;real;real;real
1121;853236;Real;real;real;real
1122;894857;Real;real;real;real
1123;900056;Real;real;real;real
1124;895926;Real;real;real;real
1126;843417;Real;real;real;real
1127;884093;Real;real;real;real
1128;925944;Real;real;real;real
1129;874973;Real;real;real;real
1130;851596;Real;real;real;real
1132;932942;Real;real;real;real
1133;873056;Real;real;real;real
1134;851588;Real;real;real;real
1137;908025;Real;fake;real;real
1138;868085;Real;real;real;real
1139;845288;Real;real;real;real
1140;925804;Real;real;real;real
1141;914787;Real;real;real;real
1142;915798;Real;real;real;real
1143;921770;Real;real;real;real
1145;914054;Real;real;real;real
1147;888688;Real;real;real;fake
1157;921521;Real;real;real;real
1158;922272;Real;real;real;real
1160;857435;Real;real;real;real
1162;846305;Real;real;real;real
1163;951985;Real;real;real;real
1167;845444;Real;real;real;real
1169;844696;Real;real;real;real
1171;899895;Real;real;real;real
1173;856687;Real;real;real;real
1174;876098;Real;real;real;real
1176;897708;Real;real;real;real
1177;925835;Real;real;real;real
1178;842337;Real;real;real;real
1182;857556;Real;real;real;real
1183;842017;Real;real;real;real
1185;911367;Real;real;real;real
1187;849451;Real;real;real;real
1188;914853;Real;real;real;real
1189;928351;Real;real;real;real
1190;894890;Real;real;real;real
1192;860893;Real;real;real;real
1201;2365780434;Fake;fake;fake;fake
1202;922305481;Fake;fake;fake;fake
1203;193820483;Fake;fake;fake;fake
1207;2856325908;Fake;fake;fake;fake
1208;3758131250;Fake;fake;fake;fake
1209;7474503005;Fake;fake;fake;fake
1210;5493993751;Fake;fake;fake;fake
1212;4959763135;Fake;fake;fake;fake
1213;9735192794;Fake;fake;fake;fake
1216;3465929398;Fake;fake;fake;fake
1218;7075559534;Fake;fake;fake;fake
1220;6940044526;Fake;fake;fake;fake
1221;9952783842;Fake;fake;fake;fake
1224;3093408195;Fake;fake;fake;fake
1225;92814312;Fake;fake;fake;fake
1233;7945337369;Fake;fake;fake;fake
1234;2075473505;Fake;fake;fake;fake
1235;9412456850;Fake;fake;fake;fake
1236;7415145896;Fake;fake;fake;fake
1237;1457904080;Fake;fake;fake;fake
1242;1391794235;Fake;fake;fake;fake
1246;5835779872;Fake;fake;fake;fake
1250;5660970075;Fake;fake;fake;fake
1253;8328156845;Fake;fake;fake;fake
1255;8049563330;Fake;fake;fake;fake
1258;8339248612;Fake;fake;fake;fake
1260;6219083016;Fake;fake;fake;fake
1261;9655844991;Fake;fake;fake;fake
1262;1999241035;Fake;fake;fake;fake
1263;3465787164;Fake;fake;fake;fake
1264;6425330039;Fake;fake;fake;fake
1265;9080361625;Fake;fake;fake;fake
1266;3973722335;Fake;fake;fake;fake
1276;9208678373;Fake;fake;fake;fake
1280;9639077061;Fake;fake;fake;fake
1282;3359439576;Fake;fake;fake;fake
1283;522939177;Fake;fake;fake;fake
1284;7404608123;Fake;fake;fake;fake
1288;699303448;Fake;fake;fake;fake
1289;9760956844;Fake;fake;fake;fake
1291;662079031;Fake;fake;fake;fake
1295;7705440500;Fake;fake;fake;fake
1296;5650911362;Fake;fake;fake;fake
1298;554917639;Fake;fake;fake;fake
1300;388924876;Fake;fake;fake;fake
1303;8543066373;Fake;fake;fake;fake
1304;6107877588;Fake;fake;fake;fake
1308;7223946294;Fake;fake;fake;fake
1310;8451664003;Fake;fake;fake;fake
1311;7894516039;Fake;fake;fake;fake
1314;7989668967;Fake;fake;fake;fake
1315;3893905315;Fake;fake;fake;fake
1316;6899055349;Fake;fake;fake;fake
1319;8055905062;Fake;fake;fake;fake
1321;6595814885;Fake;fake;fake;fake
1323;3484539870;Fake;fake;fake;fake
1325;2778089331;Fake;fake;fake;fake
1326;3368803232;Fake;fake;fake;fake
1327;2914651796;Fake;fake;fake;fake
1328;9213050977;Fake;fake;fake;fake
1329;4266144801;Fake;fake;fake;fake
1331;6084281104;Fake;fake;fake;fake
1336;7174862283;Fake;fake;fake;fake
1337;6909849467;Fake;fake;fake;fake
1338;1225099614;Fake;fake;fake;fake
1339;2161763691;Fake;fake;fake;fake
1343;8258455486;Fake;fake;fake;fake
1345;5480976970;Fake;fake;fake;fake
1346;7231965019;Fake;fake;fake;fake
1347;7149502042;Fake;fake;fake;fake
1357;1716950828;Fake;fake;fake;fake
1359;905893319;Fake;fake;fake;fake
1360;7635991936;Fake;fake;fake;fake
1361;1788272839;Fake;fake;fake;fake
1364;6251256750;Fake;fake;fake;fake
1365;5422992346;Fake;fake;fake;fake
1367;2277402152;Fake;fake;fake;fake
1368;4148349938;Fake;fake;fake;fake
1372;886177297;Fake;fake;fake;fake
1375;3186592026;Fake;fake;fake;fake
1378;7424409291;Fake;fake;fake;fake
1380;1628359937;Fake;fake;fake;fake
1381;3004058768;Fake;fake;fake;fake
1382;2895484840;Fake;fake;fake;fake
1383;5280362505;Fake;fake;fake;fake
1384;9973153835;Fake;fake;fake;fake
1385;2079115991;Fake;fake;fake;fake
1387;606657710;Fake;fake;fake;fake
1388;3663225246;Fake;fake;fake;fake
1389;817991122;Fake;fake;fake;fake
1390;3269877470;Fake;fake;fake;fake
1391;9800162301;Fake;fake;fake;fake
1394;844790845;Fake;fake;fake;fake
1396;1247316129;Fake;fake;fake;fake
1398;3501777404;Fake;fake;fake;fake
1399;2311657471;Fake;fake;fake;fake
1400;3405047139;Fake;fake;fake;fake
1407;8865743828;Fake;fake;fake;fake
1408;9520738949;Fake;fake;fake;fake
1410;4697280665;Fake;fake;fake;fake
1412;4800468981;Fake;fake;fake;fake
1414;4461739638;Fake;fake;fake;fake
1415;1445531939;Fake;fake;fake;fake
1416;2594839473;Fake;fake;fake;fake
1417;8260667329;Fake;fake;fake;fake
1423;4127035030;Fake;fake;fake;fake
1424;3205422760;Fake;fake;fake;fake
1425;3520799043;Fake;fake;fake;fake
1427;7266959676;Fake;fake;fake;fake
1428;901809614;Fake;fake;fake;fake
1429;4656875855;Fake;fake;fake;fake
1430;542691561;Fake;fake;fake;fake
1432;4919075720;Fake;fake;fake;fake
1433;7845205572;Fake;fake;fake;fake
1434;4088675113;Fake;fake;fake;fake
1437;8394133837;Fake;fake;fake;fake
1438;3573992221;Fake;fake;fake;fake
1441;9155954731;Fake;fake;fake;fake
1446;262378656;Fake;fake;fake;fake
1452;120348930;Fake;fake;fake;fake
1453;4997413912;Fake;fake;fake;fake
1456;8004963150;Fake;fake;fake;fake
1459;5542913319;Fake;fake;fake;fake
1460;2778253719;Fake;fake;fake;fake
1461;1694402592;Fake;fake;fake;fake
1463;2049352387;Fake;fake;fake;fake
1464;5986384765;Fake;fake;fake;fake
1466;4427425026;Fake;fake;fake;fake
1468;3393869597;Fake;fake;fake;fake
1475;1632389986;Fake;fake;fake;fake
1478;1333002237;Fake;fake;fake;fake
1479;5783906469;Fake;fake;fake;fake
1480;9452075412;Fake;fake;fake;fake
1482;5250534279;Fake;fake;fake;fake
1485;464187672;Fake;fake;fake;fake
1486;4356794684;Fake;fake;fake;fake
1494;147879308;Fake;fake;fake;fake
1495;6429927553;Fake;fake;fake;fake
1496;7353474504;Fake;fake;fake;fake
1500;3088658270;Fake;fake;fake;fake
1504;5111151830;Fake;fake;fake;fake
1506;4250377443;Fake;fake;fake;fake
1507;8098438027;Fake;fake;fake;fake
1508;2254004589;Fake;fake;fake;fake
1509;8694179751;Fake;fake;fake;fake
1510;2029753949;Fake;fake;fake;fake
1514;5797352043;Fake;fake;fake;fake
1516;1385937069;Fake;fake;fake;fake
1517;8373962867;Fake;fake;fake;fake
1520;7914178475;Fake;fake;fake;fake
1521;4708420571;Fake;fake;fake;fake
1522;4298949105;Fake;fake;fake;fake
1524;8047164046;Fake;fake;fake;fake
1527;2719250900;Fake;fake;fake;fake
1530;3761702205;Fake;fake;fake;fake
1531;9495394238;Fake;fake;fake;fake
1534;8582917621;Fake;fake;fake;fake
1535;1014616559;Fake;fake;fake;fake
1539;4091251786;Fake;real;fake;fake
1541;8172018375;Fake;fake;fake;fake
1542;8432391122;Fake;fake;fake;fake
1543;223393871;Fake;fake;fake;fake
1544;3173304545;Fake;fake;fake;fake
1545;2309589427;Fake;fake;fake;fake
1546;2495820451;Fake;fake;fake;fake
1550;163343752;Fake;fake;fake;fake
1553;2316846257;Fake;fake;fake;fake
1554;2406767870;Fake;fake;fake;fake
1555;2172181860;Fake;fake;fake;fake
1556;5002080659;Fake;fake;fake;fake
1558;5571667965;Fake;fake;fake;fake
1560;2587855270;Fake;fake;fake;fake
1561;2516063271;Fake;fake;fake;fake
1563;6899501174;Fake;fake;fake;fake
1565;1360722071;Fake;fake;fake;fake
1567;3329043708;Fake;fake;fake;fake
1569;5034259222;Fake;fake;fake;fake
1571;2419353601;Fake;fake;fake;fake
1574;2093750108;Fake;fake;fake;fake
1579;93262280;Fake;fake;fake;fake
1580;2695444481;Fake;real;fake;fake
1581;580645303;Fake;fake;fake;fake
1582;8922369293;Fake;real;fake;fake
1585;7353474743;Fake;fake;fake;fake
1586;4182137265;Fake;fake;fake;fake
1588;983270375;Fake;fake;fake;fake
1590;9040197271;Fake;fake;fake;fake
1592;7262259263;Fake;fake;fake;fake
1594;9373746790;Fake;fake;fake;fake
1595;8002247687;Fake;fake;fake;fake
1596;5408886782;Fake;fake;fake;fake
1597;2319612469;Fake;real;fake;fake
1598;7175308721;Fake;fake;fake;fake
1600;3038284329;Fake;fake;fake;fake
1604;8281889924;Fake;real;real;fake
1605;8568774460;Fake;real;fake;fake
1608;1603093548;Fake;fake;fake;fake
1609;3754107472;Fake;real;fake;fake
1611;4084135030;Fake;real;real;fake
1612;7970106197;Fake;fake;fake;fake
1613;1193497689;Fake;real;fake;fake
1615;29199720;Fake;fake;fake;fake
1616;8126566490;Fake;fake;fake;fake
1617;3648152118;Fake;fake;fake;fake
1618;2656627439;Fake;fake;fake;fake
1624;8840558724;Fake;fake;fake;fake
1628;4360448788;Fake;fake;fake;fake
1632;4141953288;Fake;fake;fake;fake
1636;4235263494;Fake;real;fake;real
1637;4937511661;Fake;real;real;fake
1638;5940521758;Fake;fake;fake;fake
1640;2910765466;Fake;fake;fake;real
1641;5013441642;Fake;real;real;real
1642;393798271;Fake;fake;fake;fake
1644;7302050641;Fake;real;fake;real
1645;2421029600;Fake;fake;fake;real
1646;3860596146;Fake;real;fake;real
1649;6051845337;Fake;real;fake;fake
1650;1716370499;Fake;fake;fake;fake
1655;2665407365;Fake;fake;fake;real
1657;5050867834;Fake;fake;fake;real
1658;5372987254;Fake;fake;fake;real
1660;755837836;Fake;fake;fake;real
1662;6168578475;Fake;fake;fake;real
1663;8454984419;Fake;fake;fake;real
1665;7176756870;Fake;real;fake;real
1666;9553363490;Fake;real;fake;real
1667;9535399657;Fake;fake;fake;fake
1668;4727176849;Fake;real;fake;real
1671;1301068570;Fake;fake;fake;real
1673;281278607;Fake;fake;fake;real
1674;7822262151;Fake;real;real;real
1676;6740056181;Fake;fake;fake;real
1678;8638680608;Fake;fake;fake;real
1679;3178847561;Fake;fake;fake;real
1680;8210051643;Fake;fake;fake;real
1684;5011578652;Fake;real;fake;real
1685;7562477755;Fake;real;real;real
1686;9067502868;Fake;fake;fake;real
1687;951650153;Fake;fake;fake;real
1688;16254156;Fake;fake;fake;real
1690;5937738884;Fake;fake;fake;fake
1692;9746890701;Fake;real;real;real
1693;1883356669;Fake;real;real;real
1695;8762765994;Fake;fake;fake;real
1696;621464173;Fake;real;fake;real
1700;9110452054;Fake;real;real;real
1701;8139891112;Fake;fake;fake;real
1706;5220162545;Fake;fake;fake;fake
1707;4245034998;Fake;real;real;real
1708;7259603960;Fake;real;real;real
1709;3854838751;Fake;fake;fake;fake
1711;4475669420;Fake;real;real;real
1712;31065928;Fake;real;real;real
1717;212976411;Fake;fake;fake;real
1718;8332264638;Fake;fake;fake;real
1721;7505137738;Fake;fake;real;real
1722;6986473289;Fake;real;real;real
1723;2008641429;Fake;fake;fake;real
1726;4312789302;Fake;fake;fake;real
1728;5745570521;Fake;fake;fake;real
1730;4899774846;Fake;fake;real;real
1732;4628620511;Fake;fake;real;real
1733;2725366532;Fake;fake;fake;real
1736;6246680213;Fake;real;real;real
1737;4781000361;Fake;fake;real;real
1738;61497901;Fake;real;real;real
1741;3836977114;Fake;fake;real;real
1742;1659503489;Fake;fake;fake;fake
1743;737368770;Fake;fake;real;real
1746;2313840819;Fake;real;real;real
1749;4709511106;Fake;real;real;real
1751;8871505752;Fake;real;real;real
1752;5886617783;Fake;fake;real;real
1755;8706903729;Fake;fake;fake;real
1756;5922300529;Fake;real;real;real
1757;6012454695;Fake;real;real;real
1759;8300023940;Fake;real;real;real
1760;4051674714;Fake;real;fake;real
1765;8678284031;Fake;fake;real;real
1767;7952745571;Fake;real;real;real
1769;2697600454;Fake;fake;fake;real
1770;8887202012;Fake;real;real;real
1772;3440851442;Fake;real;real;real
1774;9000670894;Fake;fake;fake;real
1776;5876471599;Fake;real;real;real
1778;3023813681;Fake;fake;real;real
1780;7072746281;Fake;fake;fake;real
1781;9838996716;Fake;real;real;real
1783;4237114502;Fake;real;real;real
1784;7816220968;Fake;real;real;real
1785;6451659869;Fake;real;real;real
1789;8682040667;Fake;fake;real;real
1791;8687997630;Fake;fake;fake;real
1794;2521468597;Fake;fake;fake;real
1795;2982734156;Fake;fake;real;real
1796;1014636162;Fake;real;fake;real
1797;2548751922;Fake;fake;real;real
1798;9782628637;Fake;real;real;real
1799;185105069;Fake;real;real;real
1800;1768486801;Fake;real;real;real
1804;9324384637;Fake;fake;fake;fake
1806;8035823483;Fake;fake;fake;real
1807;2761931201;Fake;real;real;real
1808;5428560010;Fake;real;real;real
1813;3009176447;Fake;fake;fake;real
1814;3645931945;Fake;real;real;real
1815;3602415683;Fake;real;real;real
1817;3617487539;Fake;real;real;real
1819;4888675652;Fake;real;real;real
1821;2480559335;Fake;real;real;real
1824;4861558434;Fake;fake;real;real
1826;2527097857;Fake;real;real;real
1827;9354279940;Fake;real;real;real
1829;8318775655;Fake;real;real;real
1830;2677307692;Fake;real;real;real
1834;4471293231;Fake;real;real;real
1836;220541845;Fake;real;real;real
1840;7905541453;Fake;real;real;real
1841;2244659846;Fake;real;real;real
1843;8039891728;Fake;real;real;real
1844;6286005813;Fake;real;real;real
1845;3754617510;Fake;fake;fake;real
1847;660018210;Fake;real;real;real
1849;4543366058;Fake;real;real;real
1851;8904022923;Fake;real;real;real
1852;3724090406;Fake;real;real;real
1853;1929736766;Fake;fake;fake;real
1856;2213898444;Fake;real;real;real
1857;4873343069;Fake;fake;real;real
1858;2108146336;Fake;real;real;real
1859;5656473493;Fake;real;real;real
1860;4840887414;Fake;real;real;real
1864;1606507932;Fake;fake;real;real
1865;10448753;Fake;real;real;real
1867;8609335343;Fake;fake;real;real
1868;3885971599;Fake;real;real;real
1871;1114105172;Fake;real;real;real
1874;9588339534;Fake;real;real;real
1877;3815098857;Fake;fake;real;real
1878;1500371630;Fake;real;real;real
1880;8119809755;Fake;fake;real;real
1882;4970558987;Fake;fake;fake;real
1885;1455024839;Fake;real;real;real
1886;5668487773;Fake;real;real;real
1887;7810430833;Fake;fake;real;real
1889;8998543910;Fake;fake;fake;real
1891;8177799668;Fake;fake;real;real
1895;580142370;Fake;real;real;real
1896;5483599093;Fake;real;real;real
1898;994194865;Fake;real;real;real
1899;6982710185;Fake;real;real;real
1900;2009291305;Fake;fake;fake;real
1905;3824818320;Fake;real;real;real
1907;4446867115;Fake;real;real;real
1910;9381045575;Fake;fake;fake;real
1912;3289577556;Fake;real;real;real
1914;3308884181;Fake;real;real;real
1916;12955535;Fake;real;real;real
1919;1107520962;Fake;real;real;real
1920;3816991540;Fake;real;real;real
1923;8553136835;Fake;real;real;real
1926;4056432471;Fake;real;real;real
1928;2628357669;Fake;real;real;real
1932;6100799526;Fake;fake;real;real
1936;5766538446;Fake;real;real;real
1937;5009074529;Fake;real;real;real
1939;8376426933;Fake;real;real;real
1943;6467610155;Fake;real;real;real
1945;9254172601;Fake;real;real;real
1946;6311252532;Fake;fake;real;real
1950;7756735722;Fake;real;real;real
1954;6204853205;Fake;real;real;real
1955;7218223908;Fake;real;real;real
1961;5316990322;Fake;real;real;real
1964;5170938134;Fake;real;real;real
1967;7431764476;Fake;real;real;real
1968;2163338800;Fake;real;real;real
1972;3210261852;Fake;real;real;real
1973;8617484084;Fake;real;real;real
1974;3555835496;Fake;fake;real;real
1976;3052686673;Fake;real;real;real
1979;4586036956;Fake;real;real;real
1980;129245065;Fake;real;real;real
1984;5749702620;Fake;real;real;real
1985;3316804883;Fake;real;real;real
1987;532752162;Fake;real;real;real
1988;3065448799;Fake;real;real;real
1990;8765863965;Fake;real;real;real
1992;2497898226;Fake;real;real;real
1994;8070355544;Fake;real;real;real
1997;8469534001;Fake;real;real;real
1998;6037147922;Fake;real;real;real
2000;3967904178;Fake;real;real;real
2001;2836486240;Fake;real;real;real
2002;1783348927;Fake;real;real;real
2003;2176444484;Fake;real;real;real
2004;2163834619;Fake;real;real;real
2009;5228261003;Fake;real;real;real
2011;7928304062;Fake;real;real;real
2014;5251247668;Fake;real;real;real
2015;9324688033;Fake;real;real;real
2016;5588058407;Fake;real;real;real
2017;5395575299;Fake;fake;fake;real
2019;9612220159;Fake;fake;fake;real
2020;2388806885;Fake;fake;fake;real
2022;8741087043;Fake;fake;fake;real
2023;8326637037;Fake;fake;fake;real
2025;925089438;Fake;fake;fake;real
2026;7997596104;Fake;fake;fake;real
2028;2365987922;Fake;fake;fake;real
2030;4739595208;Fake;fake;fake;real
2031;9340207780;Fake;fake;fake;real
2032;9268806389;Fake;fake;fake;real
2033;6706668764;Fake;fake;fake;real
2035;3767932547;Fake;fake;fake;real
2037;9180203998;Fake;fake;fake;real
2039;7521452958;Fake;fake;fake;real
2040;9447768564;Fake;fake;fake;real
2044;2493749932;Fake;fake;fake;real
2045;9948642977;Fake;fake;fake;real
2046;5264543381;Fake;fake;fake;real
2050;4658536053;Fake;fake;fake;real
2055;4832989936;Fake;fake;fake;real
2056;6226639736;Fake;fake;fake;real
2057;4971497614;Fake;fake;fake;real
2058;1470939687;Fake;fake;fake;real
2061;9202757081;Fake;fake;fake;real
2066;7830149120;Fake;fake;fake;fake
2067;3316099372;Fake;fake;fake;real
2068;2088791599;Fake;fake;fake;real
2069;6010530745;Fake;fake;fake;real
2070;8953282482;Fake;fake;fake;real
2073;3297070329;Fake;fake;fake;real
2075;8637575241;Fake;fake;fake;real
2076;3808314704;Fake;fake;fake;real
2077;1375570271;Fake;fake;fake;real
2079;9967416540;Fake;fake;fake;real
2083;969746041;Fake;fake;fake;real
2084;9981512950;Fake;fake;fake;real
2085;9507309467;Fake;fake;fake;real
2086;941805037;Fake;fake;fake;real
2089;9692974219;Fake;fake;fake;real
2093;3448636303;Fake;fake;fake;real
2095;4479215560;Fake;fake;fake;real
2096;3414298648;Fake;fake;fake;real
2097;8773594377;Fake;fake;fake;real
2098;9354481299;Fake;fake;fake;real
2099;8089990200;Fake;fake;fake;real
2100;950523654;Fake;fake;fake;real
2103;3202228811;Fake;fake;fake;real
2104;1987636422;Fake;fake;fake;real
2105;562105988;Fake;fake;fake;real
2109;7046951531;Fake;fake;fake;real
2110;7940502853;Fake;fake;fake;real
2112;3847431006;Fake;fake;fake;real
2114;2752276608;Fake;fake;fake;real
2116;1169823957;Fake;fake;fake;real
2123;986281088;Fake;fake;fake;real
2124;4501631899;Fake;fake;fake;real
2125;3826226036;Fake;fake;fake;real
2126;6449992903;Fake;fake;fake;real
2129;2507720803;Fake;fake;fake;real
2130;5846125151;Fake;fake;fake;real
2132;1859502594;Fake;fake;fake;real
2133;1187570404;Fake;fake;fake;real
2134;1509983640;Fake;fake;fake;real
2135;5006940589;Fake;fake;fake;fake
2137;6250524442;Fake;fake;fake;real
2138;8557438579;Fake;fake;fake;real
2141;9210923660;Fake;fake;fake;real
2142;4060575239;Fake;fake;fake;real
2143;254760936;Fake;fake;fake;real
2146;2230273583;Fake;fake;fake;real
2147;4696977813;Fake;fake;fake;real
2151;6021814191;Fake;fake;fake;real
2155;8306634484;Fake;fake;fake;real
2157;4312381022;Fake;fake;fake;real
2159;9147152842;Fake;fake;fake;real
2161;9555947062;Fake;fake;fake;real
2167;4308581568;Fake;fake;fake;real
2171;3099325290;Fake;fake;fake;real
2172;2054806535;Fake;fake;fake;real
2173;4821548782;Fake;fake;fake;real
2174;3979367934;Fake;fake;fake;real
2176;7120665185;Fake;fake;fake;real
2177;1760401680;Fake;fake;fake;real
2179;3482407740;Fake;fake;fake;real
2181;1954191714;Fake;fake;fake;real
2182;9637093116;Fake;fake;fake;real
2186;697085602;Fake;fake;fake;real
2188;8352116249;Fake;fake;fake;real
2189;5139117938;Fake;fake;fake;real
2199;6414647069;Fake;fake;fake;real
2202;6050854656;Fake;fake;fake;real
2203;7331461423;Fake;fake;fake;real
2204;1450195626;Fake;fake;fake;real
2205;271390612;Fake;fake;fake;real
2206;1893175436;Fake;fake;fake;real
2207;5786743687;Fake;fake;fake;real
2208;5642800213;Fake;fake;fake;real
2209;4353602562;Fake;fake;fake;real
2210;1454304840;Fake;fake;fake;real
2211;921963353;Fake;fake;fake;real
2214;175295705;Fake;fake;fake;real
2220;1053862865;Fake;fake;fake;real
2223;4569239268;Fake;fake;fake;real
2224;5953291579;Fake;fake;fake;real
2225;8403246308;Fake;fake;fake;real
2229;590841334;Fake;fake;fake;real
2230;8718538426;Fake;fake;fake;real
2231;2936134282;Fake;fake;fake;real
2232;6062748853;Fake;fake;fake;real
2233;1108936720;Fake;fake;fake;real
2235;4394939976;Fake;fake;fake;real
2236;269486470;Fake;fake;fake;real
2237;4495586215;Fake;fake;fake;real
2239;5358813438;Fake;fake;fake;real
2240;1698913031;Fake;fake;fake;real
2241;2940775250;Fake;fake;fake;real
2242;6872993311;Fake;fake;fake;real
2243;8862742609;Fake;fake;fake;real
2246;1781205269;Fake;fake;fake;real
2247;9666581710;Fake;fake;fake;real
2248;2028638826;Fake;fake;fake;real
2249;6641093582;Fake;fake;fake;real
2253;2292535250;Fake;fake;fake;real
2256;8793541744;Fake;fake;fake;real
2257;971921890;Fake;fake;fake;real
2258;8594997526;Fake;fake;fake;real
2259;3420402856;Fake;fake;fake;real
2260;1934036410;Fake;fake;fake;real
2262;3687579132;Fake;fake;fake;real
2266;5081601842;Fake;fake;fake;real
2267;6207797521;Fake;fake;fake;real
2270;1435049921;Fake;fake;fake;real
2273;5095709365;Fake;fake;fake;real
2274;3480587019;Fake;fake;fake;real
2276;7321484176;Fake;fake;fake;real
2280;1685663261;Fake;fake;fake;real
2281;1023869303;Fake;fake;fake;real
2284;2425399472;Fake;fake;fake;real
2285;8482372890;Fake;fake;fake;real
2288;3444311166;Fake;fake;fake;real
2290;9492612180;Fake;fake;fake;real
2291;3178329969;Fake;fake;fake;real
2293;1977287307;Fake;fake;fake;real
2295;5860144727;Fake;fake;fake;real
2296;7632253687;Fake;fake;fake;real
2297;1712346836;Fake;fake;fake;real
2298;1928968897;Fake;fake;fake;real
2303;2965059427;Fake;fake;fake;real
2304;2571986507;Fake;fake;fake;real
2305;1760479830;Fake;fake;fake;real
2306;1550146636;Fake;fake;fake;real
2309;5052005872;Fake;fake;fake;real
2310;9360969741;Fake;fake;fake;real
2311;75092956;Fake;fake;fake;real
2312;5177133863;Fake;fake;fake;real
2313;9674254373;Fake;fake;fake;real
2314;1722053022;Fake;fake;fake;real
2315;1049883569;Fake;fake;fake;real
2318;877972081;Fake;fake;fake;real
2320;9690463003;Fake;fake;fake;real
2321;3582461668;Fake;fake;fake;real
2322;2758755086;Fake;fake;fake;real
2323;5271897559;Fake;fake;fake;real
2324;2502492072;Fake;fake;fake;real
2330;7532679120;Fake;fake;fake;real
2331;9926120474;Fake;fake;fake;real
2334;9715529297;Fake;fake;fake;real
2335;7179143698;Fake;fake;fake;real
2336;646817503;Fake;fake;fake;real
2337;807502947;Fake;fake;fake;real
2339;9974066324;Fake;fake;fake;real
2340;7629942009;Fake;fake;fake;real
2342;7070650078;Fake;fake;fake;real
2343;8914244598;Fake;fake;fake;real
2344;4810536767;Fake;fake;fake;real
2347;2844019630;Fake;fake;fake;real
2348;6488165260;Fake;fake;fake;real
2349;2012367566;Fake;fake;fake;real
2351;7480047450;Fake;fake;fake;real
2354;9164044001;Fake;fake;fake;real
2356;9223580402;Fake;fake;fake;real
2357;4697947797;Fake;fake;fake;real
2359;9833718266;Fake;fake;fake;real
2362;4778714585;Fake;fake;fake;real
2366;7207527902;Fake;fake;fake;real
2367;1843377871;Fake;fake;fake;real
2369;5093798931;Fake;fake;fake;real
2372;628139482;Fake;fake;fake;real
2375;2527896655;Fake;fake;fake;real
2376;601876373;Fake;fake;fake;real
2377;2133150152;Fake;fake;fake;real
2379;8822451339;Fake;fake;fake;real
2381;1594778479;Fake;fake;fake;real
2382;3504256414;Fake;fake;fake;real
2383;4160950867;Fake;fake;fake;real
2384;3617356354;Fake;fake;fake;real
2385;1612763066;Fake;fake;fake;real
2391;2859753224;Fake;fake;fake;real
2393;5327470451;Fake;fake;fake;real
2398;5992379516;Fake;fake;fake;real
