id;idOriginal;rotulo;class_mac1;class_mac2
3555;3555;Real;real;real
5677;2075;Fake;fake;real
6232;2630;Fake;fake;fake
3630;28;Fake;fake;real
320;320;Real;real;real
6050;2448;Fake;fake;fake
3787;185;Fake;real;real
5051;1449;Fake;fake;fake
5159;1557;Fake;fake;fake
395;395;Real;real;fake
5808;2206;Fake;fake;fake
6419;2817;Fake;fake;fake
6107;2505;Fake;fake;fake
4168;566;Fake;fake;fake
6708;3106;Fake;fake;fake
5216;1614;Fake;fake;fake
4273;671;Fake;fake;fake
1292;1292;Real;real;real
5423;1821;Fake;fake;fake
3603;1;Fake;fake;fake
3264;3264;Real;real;real
1058;1058;Real;real;real
5799;2197;Fake;fake;fake
5456;1854;Fake;fake;fake
4837;1235;Fake;fake;fake
2734;2734;Real;real;fake
2861;2861;Real;real;real
4917;1315;Fake;fake;fake
6178;2576;Fake;fake;fake
6942;3340;Fake;fake;fake
227;227;Real;real;real
6888;3286;Fake;fake;real
4813;1211;Fake;fake;fake
5536;1934;Fake;fake;fake
2078;2078;Real;real;real
1946;1946;Real;real;real
564;564;Real;real;real
1024;1024;Real;real;real
6061;2459;Fake;fake;fake
5005;1403;Fake;fake;fake
4471;869;Fake;fake;fake
1797;1797;Real;real;real
5954;2352;Fake;fake;fake
5737;2135;Fake;fake;fake
2060;2060;Real;real;real
2745;2745;Real;real;real
5107;1505;Fake;fake;fake
4902;1300;Fake;fake;fake
1680;1680;Real;real;real
221;221;Real;real;real
2525;2525;Real;real;real
3218;3218;Real;real;real
4832;1230;Fake;fake;fake
2448;2448;Real;real;fake
1648;1648;Real;real;real
312;312;Real;real;real
4905;1303;Fake;real;real
877;877;Real;real;real
6597;2995;Fake;fake;fake
6094;2492;Fake;fake;fake
5854;2252;Fake;fake;fake
6229;2627;Fake;fake;fake
1078;1078;Real;real;real
7011;3409;Fake;fake;fake
2508;2508;Real;real;real
3022;3022;Real;real;real
4416;814;Fake;fake;fake
6221;2619;Fake;fake;fake
2329;2329;Real;real;real
6879;3277;Fake;fake;fake
7152;3550;Fake;fake;fake
2543;2543;Real;real;real
5539;1937;Fake;fake;fake
3504;3504;Real;real;real
5743;2141;Fake;fake;fake
1621;1621;Real;real;real
5101;1499;Fake;fake;fake
5693;2091;Fake;fake;fake
7174;3572;Fake;fake;fake
4245;643;Fake;fake;fake
4596;994;Fake;fake;fake
707;707;Real;real;real
6133;2531;Fake;fake;fake
4771;1169;Fake;fake;fake
3732;130;Fake;fake;fake
876;876;Real;real;real
3721;119;Fake;real;real
1995;1995;Real;real;real
537;537;Real;real;real
4810;1208;Fake;fake;fake
1617;1617;Real;real;real
1482;1482;Real;real;real
4941;1339;Fake;fake;fake
2115;2115;Real;real;real
836;836;Real;real;real
249;249;Real;fake;real
4660;1058;Fake;fake;real
6399;2797;Fake;fake;fake
837;837;Real;real;real
5305;1703;Fake;fake;fake
4233;631;Fake;fake;real
66;66;Real;real;fake
5422;1820;Fake;fake;fake
6681;3079;Fake;fake;fake
609;609;Real;real;real
6510;2908;Fake;fake;fake
3014;3014;Real;real;real
3316;3316;Real;real;real
6113;2511;Fake;fake;fake
3813;211;Fake;fake;fake
6259;2657;Fake;fake;fake
6637;3035;Fake;fake;fake
1487;1487;Real;real;real
6753;3151;Fake;fake;fake
2526;2526;Real;real;real
6120;2518;Fake;fake;fake
6140;2538;Fake;fake;fake
6196;2594;Fake;fake;fake
5253;1651;Fake;fake;fake
2500;2500;Real;real;real
5699;2097;Fake;fake;fake
6806;3204;Fake;fake;fake
158;158;Real;real;real
4814;1212;Fake;fake;fake
2154;2154;Real;real;real
4954;1352;Fake;fake;fake
2727;2727;Real;real;real
216;216;Real;real;real
4489;887;Fake;fake;fake
1660;1660;Real;real;real
7001;3399;Fake;fake;fake
1016;1016;Real;real;real
6157;2555;Fake;real;fake
2893;2893;Real;real;real
5700;2098;Fake;fake;real
6348;2746;Fake;fake;fake
5338;1736;Fake;fake;fake
2718;2718;Real;real;real
5628;2026;Fake;fake;fake
6000;2398;Fake;fake;fake
6751;3149;Fake;fake;fake
4942;1340;Fake;fake;fake
6877;3275;Fake;fake;fake
2771;2771;Real;real;real
2619;2619;Real;real;fake
5186;1584;Fake;fake;real
618;618;Real;real;real
5731;2129;Fake;fake;fake
3018;3018;Real;real;real
3341;3341;Real;real;real
2250;2250;Real;real;real
6388;2786;Fake;fake;fake
6131;2529;Fake;fake;fake
4346;744;Fake;fake;fake
1560;1560;Real;real;real
4162;560;Fake;fake;fake
5291;1689;Fake;fake;fake
119;119;Real;fake;real
5352;1750;Fake;fake;fake
1393;1393;Real;real;real
5040;1438;Fake;fake;fake
2805;2805;Real;real;real
2993;2993;Real;real;real
1332;1332;Real;fake;real
4566;964;Fake;fake;fake
207;207;Real;real;real
5908;2306;Fake;fake;fake
6309;2707;Fake;fake;fake
2182;2182;Real;real;real
2490;2490;Real;real;real
6436;2834;Fake;fake;fake
5249;1647;Fake;fake;fake
799;799;Real;real;real
4907;1305;Fake;fake;fake
6950;3348;Fake;fake;fake
3424;3424;Real;real;real
607;607;Real;fake;fake
5878;2276;Fake;fake;fake
2122;2122;Real;real;real
1348;1348;Real;real;real
1073;1073;Real;real;real
4834;1232;Fake;fake;fake
6795;3193;Fake;fake;fake
1160;1160;Real;real;real
559;559;Real;real;real
7090;3488;Fake;fake;fake
6346;2744;Fake;fake;fake
5510;1908;Fake;fake;fake
3487;3487;Real;real;real
3726;124;Fake;real;real
500;500;Real;real;real
1179;1179;Real;real;real
7165;3563;Fake;fake;fake
7144;3542;Fake;fake;fake
7117;3515;Fake;fake;fake
1094;1094;Real;real;real
62;62;Real;real;real
3248;3248;Real;real;real
1262;1262;Real;real;real
6777;3175;Fake;fake;fake
3762;160;Fake;fake;fake
7149;3547;Fake;fake;fake
3139;3139;Real;real;real
6854;3252;Fake;fake;fake
1388;1388;Real;real;real
7043;3441;Fake;fake;fake
6530;2928;Fake;fake;fake
6144;2542;Fake;fake;fake
1530;1530;Real;real;real
1341;1341;Real;real;real
5735;2133;Fake;fake;fake
6494;2892;Fake;fake;fake
5859;2257;Fake;fake;fake
560;560;Real;real;fake
2863;2863;Real;real;real
3645;43;Fake;fake;fake
2984;2984;Real;real;real
222;222;Real;real;real
4419;817;Fake;fake;fake
3366;3366;Real;real;real
1897;1897;Real;real;real
4003;401;Fake;fake;fake
1547;1547;Real;real;real
1076;1076;Real;real;real
6957;3355;Fake;fake;fake
4754;1152;Fake;fake;fake
3639;37;Fake;fake;fake
1992;1992;Real;real;real
7133;3531;Fake;fake;fake
1557;1557;Real;real;fake
418;418;Real;real;real
4170;568;Fake;fake;fake
6373;2771;Fake;fake;real
1223;1223;Real;real;real
4141;539;Fake;fake;fake
3583;3583;Real;real;real
6655;3053;Fake;fake;fake
3901;299;Fake;fake;fake
4426;824;Fake;fake;fake
2930;2930;Real;real;real
5303;1701;Fake;fake;fake
3492;3492;Real;real;real
5247;1645;Fake;fake;fake
4879;1277;Fake;fake;real
3392;3392;Real;real;real
5785;2183;Fake;fake;fake
3892;290;Fake;real;real
3159;3159;Real;real;real
459;459;Real;real;real
2449;2449;Real;real;real
3375;3375;Real;real;real
5273;1671;Fake;fake;fake
4121;519;Fake;fake;fake
6625;3023;Fake;fake;fake
2995;2995;Real;real;fake
513;513;Real;real;real
946;946;Real;real;real
6085;2483;Fake;fake;fake
3827;225;Fake;fake;fake
5702;2100;Fake;fake;fake
6483;2881;Fake;fake;fake
6265;2663;Fake;fake;fake
2295;2295;Real;real;real
1577;1577;Real;real;real
2641;2641;Real;real;real
4106;504;Fake;fake;fake
4420;818;Fake;fake;fake
3127;3127;Real;real;real
4844;1242;Fake;fake;fake
4655;1053;Fake;fake;fake
350;350;Real;real;real
2382;2382;Real;real;real
5560;1958;Fake;fake;fake
2069;2069;Real;real;fake
6619;3017;Fake;fake;fake
2283;2283;Real;fake;fake
6042;2440;Fake;fake;fake
575;575;Real;real;real
5835;2233;Fake;fake;fake
6671;3069;Fake;fake;real
2774;2774;Real;real;real
4795;1193;Fake;fake;fake
6283;2681;Fake;fake;fake
4467;865;Fake;fake;fake
3163;3163;Real;real;real
5285;1683;Fake;fake;fake
1567;1567;Real;real;real
522;522;Real;real;real
4009;407;Fake;fake;fake
3076;3076;Real;real;real
5603;2001;Fake;fake;fake
1037;1037;Real;real;real
2751;2751;Real;real;real
739;739;Real;real;real
2151;2151;Real;real;real
3936;334;Fake;fake;fake
2577;2577;Real;real;real
3417;3417;Real;real;real
3747;145;Fake;fake;real
7202;3600;Fake;fake;fake
1422;1422;Real;real;real
5114;1512;Fake;fake;fake
4891;1289;Fake;fake;fake
5900;2298;Fake;fake;fake
3570;3570;Real;real;real
3845;243;Fake;fake;fake
1556;1556;Real;real;real
1336;1336;Real;real;real
3684;82;Fake;real;real
3864;262;Fake;real;real
7018;3416;Fake;fake;fake
1990;1990;Real;real;real
3931;329;Fake;fake;fake
1943;1943;Real;real;real
1184;1184;Real;real;real
1266;1266;Real;real;real
3455;3455;Real;real;real
3115;3115;Real;real;real
4574;972;Fake;fake;fake
2030;2030;Real;real;real
2299;2299;Real;real;real
6411;2809;Fake;fake;fake
3776;174;Fake;real;real
3828;226;Fake;fake;fake
938;938;Real;real;real
6136;2534;Fake;fake;fake
4355;753;Fake;real;real
214;214;Real;real;real
5126;1524;Fake;fake;fake
4803;1201;Fake;fake;fake
5841;2239;Fake;fake;fake
3996;394;Fake;fake;fake
6273;2671;Fake;fake;fake
3505;3505;Real;real;real
915;915;Real;real;real
1826;1826;Real;fake;real
1800;1800;Real;real;real
5927;2325;Fake;fake;fake
4682;1080;Fake;fake;fake
3469;3469;Real;real;real
6433;2831;Fake;fake;fake
6455;2853;Fake;fake;fake
1817;1817;Real;real;real
597;597;Real;fake;real
3953;351;Fake;fake;fake
4985;1383;Fake;fake;fake
2663;2663;Real;real;fake
2517;2517;Real;real;real
1229;1229;Real;real;real
3111;3111;Real;real;real
1860;1860;Real;real;real
4139;537;Fake;fake;real
3586;3586;Real;real;real
4558;956;Fake;fake;fake
2021;2021;Real;real;real
4000;398;Fake;fake;fake
4852;1250;Fake;fake;fake
2967;2967;Real;real;real
6182;2580;Fake;fake;fake
1849;1849;Real;real;real
5392;1790;Fake;fake;fake
5158;1556;Fake;fake;real
1498;1498;Real;real;real
2139;2139;Real;real;real
919;919;Real;real;real
4664;1062;Fake;fake;fake
5037;1435;Fake;fake;fake
6095;2493;Fake;fake;fake
2527;2527;Real;real;real
4118;516;Fake;fake;fake
4545;943;Fake;fake;fake
7051;3449;Fake;fake;fake
601;601;Real;fake;fake
3587;3587;Real;real;real
168;168;Real;real;real
6199;2597;Fake;fake;fake
6828;3226;Fake;fake;fake
6602;3000;Fake;fake;fake
2215;2215;Real;real;real
2799;2799;Real;real;real
4497;895;Fake;fake;fake
5958;2356;Fake;fake;fake
6243;2641;Fake;fake;real
5341;1739;Fake;fake;fake
2270;2270;Real;real;real
3129;3129;Real;real;real
2996;2996;Real;real;real
5884;2282;Fake;fake;fake
5143;1541;Fake;fake;fake
3411;3411;Real;real;real
380;380;Real;real;real
352;352;Real;real;real
4653;1051;Fake;fake;fake
973;973;Real;real;real
608;608;Real;real;real
6811;3209;Fake;fake;fake
733;733;Real;real;real
391;391;Real;real;real
1040;1040;Real;real;real
571;571;Real;real;real
5053;1451;Fake;fake;fake
4585;983;Fake;fake;fake
7173;3571;Fake;fake;fake
1993;1993;Real;real;real
2174;2174;Real;real;real
4817;1215;Fake;fake;fake
6990;3388;Fake;fake;fake
260;260;Real;real;real
3103;3103;Real;real;real
6617;3015;Fake;fake;fake
436;436;Real;real;real
4825;1223;Fake;fake;real
1776;1776;Real;real;real
5297;1695;Fake;fake;fake
3631;29;Fake;real;real
2064;2064;Real;real;real
203;203;Real;real;real
232;232;Real;real;real
6660;3058;Fake;fake;fake
4603;1001;Fake;fake;fake
2166;2166;Real;real;real
3932;330;Fake;fake;fake
2598;2598;Real;real;real
2528;2528;Real;real;real
6518;2916;Fake;fake;fake
6527;2925;Fake;fake;fake
6579;2977;Fake;fake;fake
277;277;Real;real;real
3693;91;Fake;real;fake
5135;1533;Fake;fake;fake
4773;1171;Fake;fake;fake
4602;1000;Fake;real;real
1561;1561;Real;real;real
4311;709;Fake;real;real
6557;2955;Fake;fake;fake
1280;1280;Real;real;real
693;693;Real;real;real
6833;3231;Fake;fake;fake
3172;3172;Real;real;real
6121;2519;Fake;fake;fake
715;715;Real;real;real
2654;2654;Real;real;real
533;533;Real;real;real
6027;2425;Fake;fake;fake
942;942;Real;real;real
157;157;Real;real;real
1441;1441;Real;real;real
181;181;Real;fake;fake
1444;1444;Real;real;real
694;694;Real;real;real
6542;2940;Fake;fake;fake
6848;3246;Fake;fake;fake
2636;2636;Real;real;real
3562;3562;Real;real;real
4143;541;Fake;fake;fake
4949;1347;Fake;fake;fake
2279;2279;Real;real;real
4414;812;Fake;real;fake
2592;2592;Real;real;real
958;958;Real;fake;fake
369;369;Real;real;real
3907;305;Fake;fake;fake
6654;3052;Fake;fake;fake
6238;2636;Fake;fake;real
4514;912;Fake;fake;fake
133;133;Real;real;real
246;246;Real;real;real
4024;422;Fake;fake;fake
3938;336;Fake;fake;fake
7119;3517;Fake;fake;fake
7034;3432;Fake;fake;fake
6926;3324;Fake;fake;fake
6233;2631;Fake;fake;fake
3201;3201;Real;real;real
5325;1723;Fake;fake;fake
1846;1846;Real;real;real
195;195;Real;real;real
2986;2986;Real;real;real
5717;2115;Fake;fake;real
6086;2484;Fake;fake;fake
3043;3043;Real;real;real
1803;1803;Real;real;real
5372;1770;Fake;fake;fake
3347;3347;Real;real;real
1471;1471;Real;real;real
5620;2018;Fake;fake;fake
3556;3556;Real;real;real
4335;733;Fake;fake;real
4868;1266;Fake;fake;real
2587;2587;Real;real;real
3712;110;Fake;fake;fake
5638;2036;Fake;fake;fake
2148;2148;Real;real;real
2188;2188;Real;real;real
1122;1122;Real;real;real
1046;1046;Real;real;real
495;495;Real;real;real
6504;2902;Fake;fake;fake
2141;2141;Real;real;fake
950;950;Real;fake;real
1416;1416;Real;real;real
3659;57;Fake;fake;fake
2775;2775;Real;real;real
424;424;Real;real;real
1589;1589;Real;real;real
57;57;Real;fake;fake
816;816;Real;real;real
5742;2140;Fake;fake;fake
5447;1845;Fake;fake;fake
2811;2811;Real;real;real
3997;395;Fake;fake;fake
2035;2035;Real;real;real
3657;55;Fake;fake;fake
4256;654;Fake;fake;fake
4056;454;Fake;fake;fake
1101;1101;Real;real;real
5605;2003;Fake;fake;fake
5401;1799;Fake;fake;fake
2087;2087;Real;real;real
145;145;Real;real;real
1221;1221;Real;real;real
4886;1284;Fake;fake;fake
4715;1113;Fake;fake;fake
6929;3327;Fake;fake;fake
2276;2276;Real;real;fake
5309;1707;Fake;fake;fake
5665;2063;Fake;fake;fake
3899;297;Fake;fake;fake
4461;859;Fake;fake;fake
1908;1908;Real;real;fake
1525;1525;Real;real;real
4915;1313;Fake;fake;fake
1282;1282;Real;real;real
4094;492;Fake;fake;fake
6918;3316;Fake;fake;real
4746;1144;Fake;fake;fake
361;361;Real;real;real
1538;1538;Real;real;real
3964;362;Fake;fake;fake
3689;87;Fake;fake;fake
1188;1188;Real;real;real
1921;1921;Real;real;real
631;631;Real;real;real
3180;3180;Real;real;real
4713;1111;Fake;fake;fake
1235;1235;Real;real;fake
1277;1277;Real;real;real
3400;3400;Real;real;real
5501;1899;Fake;fake;fake
3853;251;Fake;fake;fake
4890;1288;Fake;fake;fake
6606;3004;Fake;fake;fake
6842;3240;Fake;fake;fake
6021;2419;Fake;fake;fake
4508;906;Fake;fake;fake
1885;1885;Real;real;real
5235;1633;Fake;fake;fake
5663;2061;Fake;fake;fake
2831;2831;Real;real;fake
927;927;Real;real;real
2917;2917;Real;real;real
551;551;Real;real;real
2702;2702;Real;real;real
384;384;Real;real;real
3151;3151;Real;real;fake
3336;3336;Real;fake;real
4134;532;Fake;fake;fake
3601;3601;Real;real;real
6245;2643;Fake;fake;fake
5279;1677;Fake;real;real
4878;1276;Fake;fake;fake
2104;2104;Real;real;real
281;281;Real;fake;fake
4913;1311;Fake;fake;fake
734;734;Real;real;real
5540;1938;Fake;fake;fake
1425;1425;Real;fake;fake
5920;2318;Fake;fake;fake
1227;1227;Real;fake;fake
5168;1566;Fake;fake;fake
6214;2612;Fake;fake;fake
4783;1181;Fake;fake;fake
6892;3290;Fake;real;real
4964;1362;Fake;fake;fake
5824;2222;Fake;fake;fake
3198;3198;Real;real;real
3532;3532;Real;real;real
5105;1503;Fake;fake;fake
593;593;Real;real;real
5149;1547;Fake;fake;real
2012;2012;Real;real;real
3333;3333;Real;real;real
5473;1871;Fake;fake;fake
1263;1263;Real;real;real
3147;3147;Real;real;real
1446;1446;Real;real;real
7137;3535;Fake;fake;fake
7009;3407;Fake;fake;fake
2268;2268;Real;real;real
6702;3100;Fake;fake;fake
116;116;Real;fake;real
6763;3161;Fake;fake;fake
4361;759;Fake;real;real
242;242;Real;fake;real
5765;2163;Fake;fake;fake
6485;2883;Fake;fake;fake
1583;1583;Real;real;real
3254;3254;Real;real;real
554;554;Real;real;real
4136;534;Fake;fake;fake
5763;2161;Fake;fake;fake
1573;1573;Real;fake;fake
6110;2508;Fake;fake;real
1997;1997;Real;real;real
4031;429;Fake;fake;fake
5349;1747;Fake;fake;fake
5326;1724;Fake;fake;fake
1457;1457;Real;real;real
6339;2737;Fake;fake;fake
1415;1415;Real;real;real
5816;2214;Fake;fake;fake
3544;3544;Real;real;real
6522;2920;Fake;fake;fake
6234;2632;Fake;fake;fake
4029;427;Fake;fake;fake
4996;1394;Fake;fake;fake
2462;2462;Real;real;real
6375;2773;Fake;fake;fake
5032;1430;Fake;fake;fake
2520;2520;Real;real;real
7071;3469;Fake;fake;real
1420;1420;Real;real;real
2631;2631;Real;real;fake
6472;2870;Fake;fake;fake
2317;2317;Real;real;real
6386;2784;Fake;fake;fake
6940;3338;Fake;fake;fake
3617;15;Fake;fake;fake
286;286;Real;real;real
28;28;Real;real;real
4712;1110;Fake;fake;fake
1659;1659;Real;real;real
1751;1751;Real;real;real
5262;1660;Fake;fake;real
4313;711;Fake;fake;fake
1335;1335;Real;real;real
7157;3555;Fake;fake;real
6304;2702;Fake;fake;real
290;290;Real;real;real
5935;2333;Fake;fake;fake
2129;2129;Real;real;fake
7080;3478;Fake;fake;fake
5551;1949;Fake;fake;fake
3416;3416;Real;real;fake
3200;3200;Real;real;real
3015;3015;Real;real;fake
6328;2726;Fake;fake;fake
5170;1568;Fake;fake;fake
4856;1254;Fake;fake;fake
6447;2845;Fake;fake;fake
2446;2446;Real;real;real
4175;573;Fake;fake;fake
2963;2963;Real;real;real
1154;1154;Real;real;real
519;519;Real;real;fake
1502;1502;Real;real;fake
2779;2779;Real;real;real
825;825;Real;real;real
7138;3536;Fake;fake;fake
5108;1506;Fake;fake;fake
1938;1938;Real;real;fake
2615;2615;Real;real;real
1322;1322;Real;real;real
3682;80;Fake;real;real
1013;1013;Real;real;real
6786;3184;Fake;fake;fake
3807;205;Fake;fake;fake
5732;2130;Fake;fake;fake
3482;3482;Real;real;real
1637;1637;Real;real;real
2821;2821;Real;real;real
1055;1055;Real;real;real
1495;1495;Real;real;real
1814;1814;Real;fake;real
326;326;Real;real;real
577;577;Real;real;real
151;151;Real;real;real
6449;2847;Fake;fake;fake
6596;2994;Fake;fake;fake
3774;172;Fake;fake;fake
3345;3345;Real;real;real
800;800;Real;real;real
5769;2167;Fake;fake;fake
5968;2366;Fake;fake;fake
2533;2533;Real;real;real
5390;1788;Fake;fake;fake
4395;793;Fake;fake;fake
622;622;Real;real;real
1875;1875;Real;real;real
5593;1991;Fake;fake;fake
3614;12;Fake;fake;fake
1436;1436;Real;real;real
4561;959;Fake;real;real
5514;1912;Fake;fake;fake
4683;1081;Fake;fake;fake
2522;2522;Real;real;real
3246;3246;Real;real;fake
3162;3162;Real;real;real
6330;2728;Fake;fake;fake
3584;3584;Real;real;real
6700;3098;Fake;fake;fake
3214;3214;Real;real;real
4988;1386;Fake;fake;fake
5982;2380;Fake;fake;fake
6875;3273;Fake;fake;fake
2541;2541;Real;real;real
3716;114;Fake;fake;real
1675;1675;Real;real;real
2839;2839;Real;real;real
2874;2874;Real;real;real
6055;2453;Fake;fake;fake
1377;1377;Real;real;real
6215;2613;Fake;fake;fake
3648;46;Fake;fake;fake
1910;1910;Real;real;real
1260;1260;Real;real;real
1661;1661;Real;real;real
6250;2648;Fake;fake;fake
6621;3019;Fake;fake;fake
177;177;Real;real;real
5634;2032;Fake;fake;fake
190;190;Real;real;real
5757;2155;Fake;fake;fake
2545;2545;Real;real;real
6431;2829;Fake;fake;fake
1308;1308;Real;real;real
5121;1519;Fake;fake;fake
3284;3284;Real;real;real
4993;1391;Fake;fake;fake
3359;3359;Real;real;real
2650;2650;Real;real;real
6218;2616;Fake;fake;fake
5481;1879;Fake;fake;fake
5928;2326;Fake;fake;fake
2272;2272;Real;real;real
4183;581;Fake;fake;fake
3310;3310;Real;fake;fake
4244;642;Fake;fake;real
7198;3596;Fake;fake;fake
2348;2348;Real;real;real
6009;2407;Fake;fake;fake
6206;2604;Fake;fake;fake
2218;2218;Real;real;real
1361;1361;Real;real;real
818;818;Real;real;fake
911;911;Real;real;real
3754;152;Fake;fake;fake
5330;1728;Fake;fake;fake
2556;2556;Real;real;real
1623;1623;Real;fake;real
5830;2228;Fake;fake;fake
335;335;Real;real;real
2363;2363;Real;real;real
2591;2591;Real;real;real
490;490;Real;real;real
1652;1652;Real;real;real
7130;3528;Fake;real;real
3017;3017;Real;real;fake
758;758;Real;real;real
2117;2117;Real;real;real
3549;3549;Real;real;real
1789;1789;Real;real;real
4388;786;Fake;fake;fake
5766;2164;Fake;fake;fake
305;305;Real;real;fake
4339;737;Fake;real;real
5959;2357;Fake;fake;fake
26;26;Real;fake;fake
6327;2725;Fake;fake;fake
1067;1067;Real;real;real
2019;2019;Real;real;real
4190;588;Fake;fake;fake
7102;3500;Fake;real;real
988;988;Real;real;real
838;838;Real;real;real
1012;1012;Real;real;real
2728;2728;Real;real;fake
3410;3410;Real;real;real
4675;1073;Fake;fake;real
6453;2851;Fake;fake;fake
5260;1658;Fake;fake;fake
925;925;Real;real;real
4542;940;Fake;fake;fake
3806;204;Fake;fake;fake
137;137;Real;real;real
3851;249;Fake;fake;real
3862;260;Fake;fake;real
738;738;Real;real;real
627;627;Real;real;real
5725;2123;Fake;fake;fake
1200;1200;Real;real;real
6416;2814;Fake;fake;fake
2484;2484;Real;real;fake
2878;2878;Real;real;real
2318;2318;Real;real;fake
4169;567;Fake;real;fake
3337;3337;Real;real;real
1750;1750;Real;real;fake
1108;1108;Real;real;real
6568;2966;Fake;fake;fake
1932;1932;Real;real;real
6034;2432;Fake;fake;fake
3758;156;Fake;real;real
4410;808;Fake;fake;fake
19;19;Real;fake;real
111;111;Real;real;real
6412;2810;Fake;fake;fake
1877;1877;Real;real;real
6534;2932;Fake;fake;fake
4522;920;Fake;fake;fake
2404;2404;Real;real;real
4843;1241;Fake;fake;fake
2604;2604;Real;real;fake
3834;232;Fake;fake;real
3382;3382;Real;fake;fake
4412;810;Fake;fake;fake
2310;2310;Real;real;real
6943;3341;Fake;fake;real
385;385;Real;real;real
5995;2393;Fake;fake;fake
916;916;Real;real;real
17;17;Real;real;real
4109;507;Fake;fake;fake
2800;2800;Real;real;real
5788;2186;Fake;fake;fake
2908;2908;Real;real;fake
854;854;Real;real;real
6999;3397;Fake;fake;fake
4486;884;Fake;fake;fake
2944;2944;Real;real;real
578;578;Real;real;real
1163;1163;Real;real;real
2079;2079;Real;real;real
789;789;Real;real;real
5254;1652;Fake;fake;real
2052;2052;Real;fake;fake
1202;1202;Real;real;real
13;13;Real;fake;fake
3895;293;Fake;fake;fake
5617;2015;Fake;fake;fake
2411;2411;Real;real;real
131;131;Real;real;real
3276;3276;Real;real;real
6368;2766;Fake;fake;fake
2722;2722;Real;real;real
4636;1034;Fake;fake;fake
3004;3004;Real;real;fake
4421;819;Fake;fake;fake
1936;1936;Real;real;real
1647;1647;Real;fake;fake
2744;2744;Real;real;fake
267;267;Real;fake;fake
1903;1903;Real;real;real
4968;1366;Fake;fake;fake
5017;1415;Fake;fake;real
6275;2673;Fake;fake;fake
442;442;Real;real;real
5651;2049;Fake;fake;fake
883;883;Real;real;real
562;562;Real;fake;real
2233;2233;Real;real;fake
1384;1384;Real;real;real
3835;233;Fake;fake;fake
4570;968;Fake;fake;fake
6873;3271;Fake;fake;fake
508;508;Real;real;real
3287;3287;Real;real;real
1711;1711;Real;real;real
3502;3502;Real;real;real
4235;633;Fake;real;real
4926;1324;Fake;fake;fake
1296;1296;Real;real;real
3332;3332;Real;real;real
6706;3104;Fake;fake;fake
6478;2876;Fake;fake;fake
2681;2681;Real;real;fake
3060;3060;Real;real;real
1873;1873;Real;real;real
3481;3481;Real;real;real
7005;3403;Fake;fake;fake
2941;2941;Real;real;real
492;492;Real;real;fake
5506;1904;Fake;fake;fake
5513;1911;Fake;fake;fake
5205;1603;Fake;fake;fake
4284;682;Fake;fake;fake
803;803;Real;real;real
3935;333;Fake;fake;fake
526;526;Real;real;real
2334;2334;Real;real;real
4365;763;Fake;fake;fake
6866;3264;Fake;fake;real
280;280;Real;real;real
342;342;Real;real;real
4207;605;Fake;fake;fake
6752;3150;Fake;fake;fake
1764;1764;Real;real;real
3974;372;Fake;fake;fake
2731;2731;Real;real;real
1723;1723;Real;real;fake
1391;1391;Real;real;fake
173;173;Real;fake;fake
3306;3306;Real;real;real
6941;3339;Fake;fake;fake
1570;1570;Real;real;real
6748;3146;Fake;fake;fake
6840;3238;Fake;fake;fake
6750;3148;Fake;fake;fake
4729;1127;Fake;fake;fake
6039;2437;Fake;fake;fake
4470;868;Fake;fake;fake
6161;2559;Fake;fake;fake
4322;720;Fake;fake;fake
1742;1742;Real;real;real
1957;1957;Real;real;real
4578;976;Fake;fake;fake
6164;2562;Fake;fake;fake
1643;1643;Real;real;real
16;16;Real;real;real
1300;1300;Real;real;fake
5443;1841;Fake;fake;fake
6396;2794;Fake;fake;fake
1597;1597;Real;real;real
3564;3564;Real;real;real
1734;1734;Real;real;real
6367;2765;Fake;fake;fake
1765;1765;Real;real;real
3167;3167;Real;real;real
5359;1757;Fake;fake;fake
2653;2653;Real;real;real
658;658;Real;real;fake
6694;3092;Fake;fake;fake
189;189;Real;real;real
4604;1002;Fake;fake;fake
6622;3020;Fake;fake;fake
102;102;Real;fake;fake
6175;2573;Fake;fake;fake
4723;1121;Fake;fake;fake
1278;1278;Real;real;real
4726;1124;Fake;fake;fake
5237;1635;Fake;fake;fake
2907;2907;Real;real;real
257;257;Real;real;real
1181;1181;Real;real;fake
4899;1297;Fake;real;real
3775;173;Fake;fake;fake
2586;2586;Real;real;real
5453;1851;Fake;fake;fake
6337;2735;Fake;fake;fake
58;58;Real;real;real
4429;827;Fake;fake;fake
1940;1940;Real;real;real
7033;3431;Fake;fake;fake
986;986;Real;real;real
2784;2784;Real;real;fake
212;212;Real;fake;fake
2406;2406;Real;real;real
3474;3474;Real;real;real
264;264;Real;real;real
2260;2260;Real;real;real
7178;3576;Fake;fake;fake
2506;2506;Real;real;real
6900;3298;Fake;fake;fake
2509;2509;Real;real;real
4798;1196;Fake;fake;fake
3917;315;Fake;fake;fake
5265;1663;Fake;fake;fake
2712;2712;Real;real;real
1613;1613;Real;real;real
2204;2204;Real;real;real
3142;3142;Real;real;real
655;655;Real;fake;fake
2795;2795;Real;real;real
1968;1968;Real;fake;fake
3203;3203;Real;real;real
2254;2254;Real;real;real
1301;1301;Real;real;real
5302;1700;Fake;fake;fake
4306;704;Fake;fake;real
3113;3113;Real;real;real
4224;622;Fake;fake;real
7025;3423;Fake;fake;fake
6872;3270;Fake;fake;fake
5363;1761;Fake;fake;fake
5627;2025;Fake;fake;fake
3840;238;Fake;fake;fake
4792;1190;Fake;fake;fake
239;239;Real;real;real
2116;2116;Real;real;real
1383;1383;Real;real;fake
3225;3225;Real;real;real
3044;3044;Real;real;real
2056;2056;Real;real;real
2980;2980;Real;real;real
3485;3485;Real;real;real
6697;3095;Fake;fake;fake
1059;1059;Real;real;real
5904;2302;Fake;fake;fake
2812;2812;Real;real;real
6665;3063;Fake;fake;fake
7035;3433;Fake;fake;fake
846;846;Real;real;real
5586;1984;Fake;fake;fake
2223;2223;Real;real;real
2803;2803;Real;real;real
2226;2226;Real;real;real
5946;2344;Fake;fake;fake
966;966;Real;real;real
4276;674;Fake;real;real
3616;14;Fake;fake;fake
3963;361;Fake;fake;real
6253;2651;Fake;fake;fake
2413;2413;Real;real;real
3517;3517;Real;fake;fake
6363;2761;Fake;fake;fake
2970;2970;Real;real;real
2391;2391;Real;real;real
7041;3439;Fake;fake;fake
1027;1027;Real;real;real
1524;1524;Real;real;fake
858;858;Real;real;real
649;649;Real;real;real
656;656;Real;real;real
2049;2049;Real;real;fake
6823;3221;Fake;fake;fake
530;530;Real;real;real
1604;1604;Real;real;real
4377;775;Fake;fake;fake
481;481;Real;real;real
3547;3547;Real;real;fake
3990;388;Fake;fake;fake
591;591;Real;real;real
6003;2401;Fake;fake;fake
6334;2732;Fake;fake;fake
3425;3425;Real;real;real
900;900;Real;real;real
6200;2598;Fake;fake;real
3154;3154;Real;real;real
3847;245;Fake;fake;fake
6742;3140;Fake;fake;fake
6713;3111;Fake;fake;real
4283;681;Fake;fake;fake
1571;1571;Real;real;real
147;147;Real;real;real
1178;1178;Real;real;real
4686;1084;Fake;fake;fake
3867;265;Fake;fake;fake
4725;1123;Fake;fake;fake
3956;354;Fake;fake;fake
6882;3280;Fake;fake;fake
3432;3432;Real;real;fake
1321;1321;Real;real;real
3816;214;Fake;real;real
3414;3414;Real;real;real
6462;2860;Fake;fake;fake
5554;1952;Fake;fake;fake
5039;1437;Fake;fake;fake
6961;3359;Fake;fake;real
347;347;Real;real;real
3365;3365;Real;real;real
4032;430;Fake;fake;fake
5404;1802;Fake;fake;fake
5932;2330;Fake;fake;fake
1001;1001;Real;real;fake
4495;893;Fake;fake;fake
1387;1387;Real;real;real
458;458;Real;real;real
1790;1790;Real;real;fake
6978;3376;Fake;real;real
6692;3090;Fake;fake;fake
6661;3059;Fake;fake;fake
5292;1690;Fake;fake;fake
1360;1360;Real;real;real
3664;62;Fake;real;real
852;852;Real;real;fake
3622;20;Fake;fake;fake
6020;2418;Fake;fake;fake
2953;2953;Real;real;real
1953;1953;Real;real;real
2866;2866;Real;real;real
2573;2573;Real;real;fake
2262;2262;Real;real;real
4916;1314;Fake;fake;fake
5353;1751;Fake;fake;real
1470;1470;Real;real;real
4953;1351;Fake;fake;fake
6561;2959;Fake;fake;fake
4987;1385;Fake;fake;fake
5861;2259;Fake;fake;fake
1794;1794;Real;real;real
1014;1014;Real;real;real
4707;1105;Fake;fake;fake
6100;2498;Fake;fake;fake
5433;1831;Fake;fake;fake
6969;3367;Fake;fake;fake
126;126;Real;fake;real
3093;3093;Real;real;real
2389;2389;Real;real;real
2869;2869;Real;real;real
4945;1343;Fake;fake;fake
6810;3208;Fake;fake;fake
1134;1134;Real;real;real
3362;3362;Real;real;real
2886;2886;Real;fake;fake
5431;1829;Fake;fake;fake
1447;1447;Real;real;real
2786;2786;Real;real;fake
420;420;Real;real;real
6404;2802;Fake;fake;fake
5648;2046;Fake;fake;fake
7013;3411;Fake;fake;real
6415;2813;Fake;fake;fake
2237;2237;Real;real;real
3916;314;Fake;fake;fake
6475;2873;Fake;fake;fake
4432;830;Fake;fake;fake
3224;3224;Real;real;real
4766;1164;Fake;fake;fake
4820;1218;Fake;fake;fake
4023;421;Fake;fake;fake
5891;2289;Fake;fake;fake
5549;1947;Fake;fake;fake
3604;2;Fake;fake;fake
2781;2781;Real;real;real
1852;1852;Real;real;real
3531;3531;Real;real;fake
4829;1227;Fake;fake;fake
6091;2489;Fake;fake;fake
1774;1774;Real;real;real
1090;1090;Real;real;real
358;358;Real;real;real
6639;3037;Fake;fake;fake
6538;2936;Fake;fake;fake
1427;1427;Real;real;real
2367;2367;Real;real;real
2345;2345;Real;real;real
3636;34;Fake;real;real
236;236;Real;real;real
2645;2645;Real;real;real
4920;1318;Fake;fake;fake
2840;2840;Real;real;real
1692;1692;Real;real;real
3339;3339;Real;real;fake
4271;669;Fake;real;real
1007;1007;Real;real;real
3393;3393;Real;real;real
4216;614;Fake;fake;fake
3522;3522;Real;real;real
2616;2616;Real;real;fake
3227;3227;Real;real;real
61;61;Real;fake;fake
7169;3567;Fake;fake;fake
4402;800;Fake;fake;real
1494;1494;Real;real;real
4386;784;Fake;fake;fake
643;643;Real;real;fake
69;69;Real;fake;fake
104;104;Real;real;real
842;842;Real;real;real
2219;2219;Real;real;real
2546;2546;Real;real;real
1575;1575;Real;real;real
3567;3567;Real;real;fake
6858;3256;Fake;fake;fake
5685;2083;Fake;fake;fake
3081;3081;Real;real;real
4103;501;Fake;fake;fake
3727;125;Fake;real;real
2258;2258;Real;real;real
6805;3203;Fake;fake;real
874;874;Real;real;real
7187;3585;Fake;fake;fake
1318;1318;Real;real;fake
1355;1355;Real;real;real
2660;2660;Real;real;real
1205;1205;Real;real;real
2135;2135;Real;real;fake
5147;1545;Fake;fake;fake
196;196;Real;real;real
405;405;Real;real;real
3019;3019;Real;real;fake
4923;1321;Fake;fake;real
448;448;Real;real;real
1746;1746;Real;real;real
5553;1951;Fake;fake;fake
5238;1636;Fake;fake;fake
4237;635;Fake;fake;fake
5222;1620;Fake;fake;fake
6831;3229;Fake;fake;fake
4137;535;Fake;fake;fake
5550;1948;Fake;fake;fake
5661;2059;Fake;fake;fake
3338;3338;Real;real;fake
1725;1725;Real;real;real
6613;3011;Fake;fake;fake
5896;2294;Fake;fake;fake
6890;3288;Fake;fake;fake
5136;1534;Fake;fake;fake
5691;2089;Fake;fake;fake
4619;1017;Fake;fake;fake
1092;1092;Real;real;real
6764;3162;Fake;fake;real
1757;1757;Real;real;fake
1159;1159;Real;fake;fake
1926;1926;Real;real;real
6450;2848;Fake;real;real
709;709;Real;real;real
1752;1752;Real;real;real
4839;1237;Fake;fake;fake
4965;1363;Fake;fake;fake
2924;2924;Real;real;real
2394;2394;Real;real;real
1119;1119;Real;real;real
2447;2447;Real;real;real
5608;2006;Fake;fake;fake
4253;651;Fake;real;real
4026;424;Fake;fake;real
3491;3491;Real;real;real
4516;914;Fake;fake;fake
1579;1579;Real;real;real
2027;2027;Real;real;real
4010;408;Fake;fake;fake
503;503;Real;real;real
386;386;Real;real;real
805;805;Real;fake;fake
3408;3408;Real;real;real
2982;2982;Real;real;real
983;983;Real;real;fake
4869;1267;Fake;fake;fake
5370;1768;Fake;fake;fake
4492;890;Fake;fake;fake
6262;2660;Fake;fake;real
2232;2232;Real;real;real
3814;212;Fake;fake;fake
4648;1046;Fake;real;real
2746;2746;Real;real;fake
5817;2215;Fake;fake;real
7153;3551;Fake;fake;fake
2125;2125;Real;real;real
1898;1898;Real;real;real
2387;2387;Real;real;real
5434;1832;Fake;fake;fake
6101;2499;Fake;fake;fake
1116;1116;Real;real;real
4859;1257;Fake;fake;fake
2871;2871;Real;real;real
3364;3364;Real;real;real
4261;659;Fake;fake;fake
3865;263;Fake;fake;fake
3293;3293;Real;real;real
3247;3247;Real;real;real
6260;2658;Fake;fake;fake
5029;1427;Fake;fake;real
1041;1041;Real;real;real
4376;774;Fake;fake;fake
2634;2634;Real;real;real
4195;593;Fake;fake;real
5184;1582;Fake;fake;fake
3618;16;Fake;fake;real
5767;2165;Fake;fake;fake
6459;2857;Fake;fake;fake
1961;1961;Real;real;real
3746;144;Fake;fake;fake
1150;1150;Real;real;real
2737;2737;Real;real;fake
3106;3106;Real;real;fake
5533;1931;Fake;real;real
6624;3022;Fake;fake;real
3943;341;Fake;fake;fake
908;908;Real;real;real
5245;1643;Fake;fake;real
317;317;Real;real;real
613;613;Real;real;real
4101;499;Fake;fake;fake
5007;1405;Fake;fake;fake
4969;1367;Fake;fake;fake
2473;2473;Real;real;real
3356;3356;Real;real;real
4364;762;Fake;fake;fake
3114;3114;Real;real;real
676;676;Real;real;real
2735;2735;Real;real;fake
2162;2162;Real;real;real
6912;3310;Fake;fake;fake
610;610;Real;real;real
411;411;Real;fake;fake
2468;2468;Real;real;real
781;781;Real;real;real
2910;2910;Real;real;real
5071;1469;Fake;fake;fake
4198;596;Fake;fake;fake
6437;2835;Fake;fake;fake
3690;88;Fake;fake;fake
6352;2750;Fake;fake;fake
5629;2027;Fake;fake;real
681;681;Real;real;fake
5923;2321;Fake;fake;fake
6137;2535;Fake;fake;fake
7106;3504;Fake;fake;real
7167;3565;Fake;fake;fake
1506;1506;Real;real;fake
1162;1162;Real;real;real
7114;3512;Fake;fake;fake
532;532;Real;real;fake
6308;2706;Fake;fake;fake
5104;1502;Fake;fake;fake
5223;1621;Fake;fake;real
1704;1704;Real;real;real
3667;65;Fake;real;real
3852;250;Fake;fake;fake
3896;294;Fake;fake;fake
2149;2149;Real;real;real
2359;2359;Real;real;real
1174;1174;Real;real;real
344;344;Real;real;real
3380;3380;Real;real;real
6922;3320;Fake;fake;fake
2427;2427;Real;real;fake
965;965;Real;real;real
3361;3361;Real;real;real
2053;2053;Real;real;real
5787;2185;Fake;fake;fake
3401;3401;Real;real;real
2697;2697;Real;real;real
2491;2491;Real;real;real
3812;210;Fake;fake;fake
6314;2712;Fake;fake;real
4799;1197;Fake;fake;fake
5598;1996;Fake;fake;fake
6802;3200;Fake;fake;real
5436;1834;Fake;fake;fake
6045;2443;Fake;fake;fake
1951;1951;Real;real;fake
851;851;Real;fake;fake
5641;2039;Fake;fake;fake
7112;3510;Fake;fake;fake
6074;2472;Fake;fake;fake
6729;3127;Fake;real;real
5227;1625;Fake;fake;fake
396;396;Real;real;real
6691;3089;Fake;fake;fake
4208;606;Fake;fake;fake
2662;2662;Real;real;real
3670;68;Fake;real;real
268;268;Real;real;real
4897;1295;Fake;fake;fake
1819;1819;Real;real;real
5454;1852;Fake;fake;real
2778;2778;Real;real;real
6781;3179;Fake;fake;fake
952;952;Real;real;fake
2855;2855;Real;real;real
1758;1758;Real;real;real
4484;882;Fake;fake;fake
1602;1602;Real;real;real
6911;3309;Fake;fake;fake
2706;2706;Real;fake;fake
2859;2859;Real;real;real
6476;2874;Fake;fake;real
4087;485;Fake;fake;fake
6987;3385;Fake;fake;real
4677;1075;Fake;fake;real
5569;1967;Fake;fake;fake
2559;2559;Real;real;fake
6516;2914;Fake;fake;fake
2059;2059;Real;real;fake
4671;1069;Fake;fake;fake
1432;1432;Real;real;real
6010;2408;Fake;fake;fake
4499;897;Fake;fake;fake
2642;2642;Real;real;real
6057;2455;Fake;fake;fake
2836;2836;Real;real;real
3369;3369;Real;real;real
2095;2095;Real;real;real
1105;1105;Real;real;fake
6403;2801;Fake;fake;fake
4999;1397;Fake;fake;fake
2176;2176;Real;real;real
6857;3255;Fake;fake;fake
4483;881;Fake;fake;fake
4560;958;Fake;fake;fake
22;22;Real;fake;fake
2848;2848;Real;real;real
4393;791;Fake;fake;fake
3922;320;Fake;fake;real
3530;3530;Real;real;real
3479;3479;Real;real;real
1930;1930;Real;real;real
4547;945;Fake;fake;fake
4896;1294;Fake;fake;fake
3193;3193;Real;real;fake
4734;1132;Fake;fake;fake
5250;1648;Fake;fake;real
726;726;Real;real;real
1307;1307;Real;real;real
2976;2976;Real;real;real
1581;1581;Real;real;real
5558;1956;Fake;real;real
5167;1565;Fake;fake;fake
4004;402;Fake;fake;fake
6945;3343;Fake;fake;fake
4845;1243;Fake;fake;fake
1237;1237;Real;real;fake
6876;3274;Fake;fake;fake
2534;2534;Real;real;fake
6379;2777;Fake;fake;fake
1775;1775;Real;fake;fake
5111;1509;Fake;fake;fake
5975;2373;Fake;fake;fake
2245;2245;Real;real;real
1816;1816;Real;real;real
3160;3160;Real;real;real
7190;3588;Fake;fake;fake
5214;1612;Fake;fake;fake
1290;1290;Real;real;real
4191;589;Fake;fake;fake
6832;3230;Fake;fake;fake
2033;2033;Real;real;real
2285;2285;Real;real;real
875;875;Real;real;real
4475;873;Fake;fake;fake
6103;2501;Fake;fake;fake
4064;462;Fake;fake;fake
1231;1231;Real;real;real
6808;3206;Fake;fake;fake
1455;1455;Real;real;real
2975;2975;Real;real;real
5871;2269;Fake;fake;fake
1396;1396;Real;real;real
4241;639;Fake;fake;fake
477;477;Real;fake;fake
4401;799;Fake;fake;real
1434;1434;Real;real;real
3374;3374;Real;real;real
1069;1069;Real;real;fake
3117;3117;Real;real;real
5027;1425;Fake;fake;fake
3529;3529;Real;real;real
3323;3323;Real;real;real
3423;3423;Real;real;fake
2646;2646;Real;real;real
928;928;Real;real;real
5376;1774;Fake;fake;real
5457;1855;Fake;fake;fake
2532;2532;Real;real;real
5386;1784;Fake;fake;fake
6457;2855;Fake;fake;real
6356;2754;Fake;real;real
5882;2280;Fake;fake;fake
4085;483;Fake;real;fake
7075;3473;Fake;fake;fake
7004;3402;Fake;fake;fake
835;835;Real;real;real
4111;509;Fake;fake;fake
5886;2284;Fake;fake;fake
645;645;Real;real;real
2665;2665;Real;real;real
3714;112;Fake;real;fake
5694;2092;Fake;fake;fake
1028;1028;Real;real;real
757;757;Real;real;real
717;717;Real;real;real
3669;67;Fake;real;real
1555;1555;Real;real;real
606;606;Real;real;fake
2051;2051;Real;real;real
5822;2220;Fake;fake;fake
7181;3579;Fake;fake;fake
4226;624;Fake;fake;fake
4209;607;Fake;fake;fake
6814;3212;Fake;fake;fake
5984;2382;Fake;fake;real
1827;1827;Real;real;real
4005;403;Fake;fake;fake
4811;1209;Fake;fake;fake
677;677;Real;real;real
7107;3505;Fake;fake;real
2319;2319;Real;real;real
4521;919;Fake;fake;real
6237;2635;Fake;fake;fake
2071;2071;Real;real;real
2710;2710;Real;real;real
4641;1039;Fake;fake;fake
3973;371;Fake;fake;fake
1630;1630;Real;real;real
6503;2901;Fake;fake;fake
1259;1259;Real;real;real
3137;3137;Real;real;real
7197;3595;Fake;real;real
5838;2236;Fake;fake;fake
81;81;Real;real;fake
4591;989;Fake;fake;fake
3249;3249;Real;real;real
4824;1222;Fake;fake;fake
2396;2396;Real;real;real
4300;698;Fake;fake;fake
2206;2206;Real;real;fake
3204;3204;Real;real;fake
1087;1087;Real;real;real
1909;1909;Real;real;real
660;660;Real;real;real
3688;86;Fake;fake;fake
6190;2588;Fake;fake;fake
2892;2892;Real;real;fake
6531;2929;Fake;fake;fake
657;657;Real;real;real
3658;56;Fake;real;real
6768;3166;Fake;fake;fake
5940;2338;Fake;fake;real
6301;2699;Fake;fake;fake
5801;2199;Fake;fake;fake
4060;458;Fake;fake;real
6976;3374;Fake;fake;real
4138;536;Fake;fake;fake
959;959;Real;real;real
840;840;Real;real;real
7188;3586;Fake;fake;real
4315;713;Fake;fake;fake
1480;1480;Real;real;real
2131;2131;Real;real;real
6664;3062;Fake;fake;fake
68;68;Real;real;real
7116;3514;Fake;fake;fake
6948;3346;Fake;fake;real
4910;1308;Fake;fake;real
3059;3059;Real;real;fake
3951;349;Fake;fake;fake
4823;1221;Fake;fake;real
1328;1328;Real;fake;fake
162;162;Real;real;real
6871;3269;Fake;fake;fake
5655;2053;Fake;fake;real
1625;1625;Real;real;fake
174;174;Real;fake;real
449;449;Real;real;real
2161;2161;Real;real;fake
4881;1279;Fake;fake;fake
2158;2158;Real;real;real
2938;2938;Real;real;real
5873;2271;Fake;fake;fake
3244;3244;Real;real;real
2949;2949;Real;real;real
4759;1157;Fake;fake;fake
1204;1204;Real;real;real
3091;3091;Real;real;real
2267;2267;Real;real;real
2496;2496;Real;real;real
228;228;Real;fake;fake
6290;2688;Fake;fake;fake
1874;1874;Real;real;fake
4176;574;Fake;fake;fake
5698;2096;Fake;fake;fake
1086;1086;Real;real;real
4338;736;Fake;fake;fake
7093;3491;Fake;fake;real
2797;2797;Real;real;fake
2580;2580;Real;real;fake
2084;2084;Real;real;real
5600;1998;Fake;fake;fake
4017;415;Fake;fake;fake
1638;1638;Real;real;real
5622;2020;Fake;fake;fake
6188;2586;Fake;fake;real
3772;170;Fake;real;real
962;962;Real;real;real
5086;1484;Fake;fake;fake
6172;2570;Fake;fake;fake
7042;3440;Fake;fake;fake
4625;1023;Fake;fake;fake
7192;3590;Fake;fake;fake
27;27;Real;real;real
7175;3573;Fake;fake;fake
4520;918;Fake;fake;fake
4779;1177;Fake;fake;fake
5507;1905;Fake;fake;fake
2552;2552;Real;real;real
3357;3357;Real;real;real
1325;1325;Real;real;real
1831;1831;Real;real;fake
1176;1176;Real;real;real
2169;2169;Real;real;real
482;482;Real;real;real
4895;1293;Fake;fake;fake
3439;3439;Real;real;fake
4474;872;Fake;fake;fake
1989;1989;Real;real;real
6593;2991;Fake;fake;fake
4511;909;Fake;fake;fake
3548;3548;Real;real;real
2850;2850;Real;real;real
3739;137;Fake;real;real
501;501;Real;real;fake
3349;3349;Real;real;real
4328;726;Fake;fake;real
2007;2007;Real;real;real
219;219;Real;real;real
2186;2186;Real;real;fake
4314;712;Fake;fake;fake
4493;891;Fake;fake;fake
7146;3544;Fake;fake;real
5006;1404;Fake;fake;fake
4053;451;Fake;fake;fake
5171;1569;Fake;fake;fake
187;187;Real;fake;fake
1061;1061;Real;real;real
428;428;Real;real;real
4502;900;Fake;fake;real
3206;3206;Real;real;fake
4354;752;Fake;fake;fake
1329;1329;Real;real;real
615;615;Real;real;real
2519;2519;Real;real;fake
4491;889;Fake;fake;fake
2181;2181;Real;real;real
3808;206;Fake;fake;fake
1657;1657;Real;real;real
2252;2252;Real;real;fake
797;797;Real;real;real
6564;2962;Fake;fake;fake
2422;2422;Real;real;real
6263;2661;Fake;fake;fake
1283;1283;Real;fake;real
5209;1607;Fake;fake;fake
1431;1431;Real;real;real
5371;1769;Fake;fake;fake
5756;2154;Fake;fake;real
5155;1553;Fake;fake;fake
6222;2620;Fake;fake;fake
6944;3342;Fake;fake;fake
671;671;Real;real;fake
6191;2589;Fake;fake;fake
699;699;Real;real;real
1539;1539;Real;real;real
5779;2177;Fake;fake;fake
4595;993;Fake;fake;fake
3988;386;Fake;fake;real
6981;3379;Fake;fake;fake
115;115;Real;real;real
841;841;Real;fake;real
4898;1296;Fake;fake;real
4079;477;Fake;real;fake
2920;2920;Real;real;fake
6407;2805;Fake;fake;real
6361;2759;Fake;fake;fake
5643;2041;Fake;fake;fake
225;225;Real;real;fake
6211;2609;Fake;fake;fake
3464;3464;Real;real;real
6725;3123;Fake;fake;fake
4555;953;Fake;fake;fake
949;949;Real;real;real
6604;3002;Fake;fake;fake
4624;1022;Fake;fake;fake
6156;2554;Fake;fake;fake
1780;1780;Real;real;real
6099;2497;Fake;fake;fake
6724;3122;Fake;fake;fake
183;183;Real;real;real
4530;928;Fake;fake;real
5626;2024;Fake;fake;fake
2761;2761;Real;real;fake
590;590;Real;real;real
5283;1681;Fake;fake;fake
5409;1807;Fake;fake;fake
3468;3468;Real;real;real
594;594;Real;real;real
6796;3194;Fake;fake;fake
668;668;Real;real;real
4481;879;Fake;fake;fake
6254;2652;Fake;fake;fake
1809;1809;Real;real;real
1782;1782;Real;real;real
5728;2126;Fake;fake;fake
2271;2271;Real;real;fake
279;279;Real;real;real
4894;1292;Fake;fake;real
2437;2437;Real;real;fake
2397;2397;Real;real;real
89;89;Real;fake;fake
6152;2550;Fake;fake;fake
4765;1163;Fake;fake;real
3750;148;Fake;real;fake
904;904;Real;real;real
1345;1345;Real;fake;fake
1717;1717;Real;real;real
6779;3177;Fake;fake;fake
3711;109;Fake;fake;fake
4177;575;Fake;fake;real
1443;1443;Real;real;real
5747;2145;Fake;fake;fake
3826;224;Fake;fake;fake
4342;740;Fake;fake;fake
413;413;Real;real;real
6236;2634;Fake;fake;real
2385;2385;Real;real;real
1805;1805;Real;real;real
2409;2409;Real;fake;real
2360;2360;Real;real;real
5218;1616;Fake;fake;fake
5414;1812;Fake;real;real
4835;1233;Fake;fake;fake
6159;2557;Fake;fake;fake
2097;2097;Real;real;fake
2113;2113;Real;real;real
5950;2348;Fake;fake;real
1952;1952;Real;real;fake
4649;1047;Fake;fake;fake
4688;1086;Fake;fake;real
6908;3306;Fake;fake;real
2780;2780;Real;real;real
521;521;Real;real;real
5921;2319;Fake;fake;real
5083;1481;Fake;fake;fake
6322;2720;Fake;fake;fake
3910;308;Fake;fake;fake
398;398;Real;real;fake
6451;2849;Fake;fake;fake
3319;3319;Real;real;real
252;252;Real;real;real
6582;2980;Fake;fake;real
1033;1033;Real;real;real
430;430;Real;real;fake
761;761;Real;real;real
6897;3295;Fake;fake;fake
3949;347;Fake;fake;real
2370;2370;Real;real;real
1640;1640;Real;real;real
292;292;Real;fake;fake
920;920;Real;real;fake
4672;1070;Fake;fake;fake
586;586;Real;real;real
1693;1693;Real;real;real
211;211;Real;real;fake
3523;3523;Real;real;real
4425;823;Fake;fake;fake
1876;1876;Real;real;real
7044;3442;Fake;real;real
4370;768;Fake;fake;fake
1923;1923;Real;fake;fake
6413;2811;Fake;fake;real
2548;2548;Real;real;real
1401;1401;Real;real;real
4157;555;Fake;fake;fake
6362;2760;Fake;fake;fake
5664;2062;Fake;fake;fake
258;258;Real;real;real
7032;3430;Fake;fake;fake
3675;73;Fake;real;real
5179;1577;Fake;fake;real
382;382;Real;real;real
6765;3163;Fake;fake;real
6711;3109;Fake;fake;fake
1216;1216;Real;real;real
777;777;Real;real;real
4720;1118;Fake;fake;fake
5623;2021;Fake;fake;real
1772;1772;Real;real;real
6251;2649;Fake;fake;fake
67;67;Real;real;real
843;843;Real;fake;fake
744;744;Real;real;fake
3799;197;Fake;fake;fake
2373;2373;Real;real;fake
6532;2930;Fake;fake;real
3466;3466;Real;real;real
1735;1735;Real;real;real
2020;2020;Real;real;fake
3923;321;Fake;fake;fake
5052;1450;Fake;fake;fake
830;830;Real;real;fake
6257;2655;Fake;fake;fake
5047;1445;Fake;fake;fake
2106;2106;Real;real;real
1144;1144;Real;real;fake
1306;1306;Real;real;real
2207;2207;Real;real;real
463;463;Real;real;real
753;753;Real;real;real
200;200;Real;fake;real
4767;1165;Fake;fake;fake
2172;2172;Real;real;real
4197;595;Fake;fake;fake
1516;1516;Real;real;real
2228;2228;Real;real;fake
6508;2906;Fake;fake;fake
788;788;Real;fake;fake
4292;690;Fake;fake;fake
1451;1451;Real;real;fake
6288;2686;Fake;fake;fake
364;364;Real;real;real
6130;2528;Fake;fake;real
5079;1477;Fake;fake;fake
6982;3380;Fake;fake;real
210;210;Real;fake;fake
117;117;Real;real;real
3952;350;Fake;fake;real
5203;1601;Fake;fake;fake
2905;2905;Real;real;real
4405;803;Fake;fake;real
2134;2134;Real;real;real
642;642;Real;real;real
4616;1014;Fake;real;real
318;318;Real;real;real
3985;383;Fake;fake;fake
535;535;Real;real;fake
2732;2732;Real;real;fake
1135;1135;Real;real;real
2178;2178;Real;real;real
640;640;Real;real;real
4794;1192;Fake;fake;fake
4741;1139;Fake;fake;fake
3644;42;Fake;real;real
1690;1690;Real;real;fake
6967;3365;Fake;fake;real
4294;692;Fake;fake;fake
2921;2921;Real;real;real
4340;738;Fake;fake;real
2376;2376;Real;real;real
3447;3447;Real;real;real
5062;1460;Fake;fake;fake
6092;2490;Fake;fake;real
336;336;Real;real;fake
2146;2146;Real;real;real
4959;1357;Fake;fake;fake
5775;2173;Fake;fake;fake
882;882;Real;real;fake
4140;538;Fake;fake;fake
3302;3302;Real;real;real
1070;1070;Real;real;fake
24;24;Real;real;real
3298;3298;Real;real;fake
4778;1176;Fake;fake;real
1093;1093;Real;real;real
4991;1389;Fake;fake;fake
1102;1102;Real;real;real
2374;2374;Real;real;real
4921;1319;Fake;fake;fake
2487;2487;Real;real;real
632;632;Real;real;real
2621;2621;Real;real;real
1534;1534;Real;real;fake
2492;2492;Real;real;fake
4047;445;Fake;fake;fake
4343;741;Fake;fake;fake
1389;1389;Real;real;fake
3348;3348;Real;real;fake
2011;2011;Real;real;real
435;435;Real;fake;real
7129;3527;Fake;fake;fake
275;275;Real;real;real
3605;3;Fake;fake;fake
101;101;Real;real;real
2323;2323;Real;fake;fake
2365;2365;Real;real;real
6382;2780;Fake;fake;real
4539;937;Fake;fake;fake
2102;2102;Real;real;real
3595;3595;Real;real;real
4;4;Real;fake;fake
4659;1057;Fake;fake;fake
7104;3502;Fake;fake;real
266;266;Real;fake;fake
6151;2549;Fake;fake;fake
553;553;Real;real;real
1035;1035;Real;real;real
4093;491;Fake;fake;fake
4333;731;Fake;real;real
2337;2337;Real;real;real
2896;2896;Real;real;real
6066;2464;Fake;fake;fake
2814;2814;Real;real;fake
5899;2297;Fake;fake;fake
2486;2486;Real;real;real
4974;1372;Fake;fake;fake
5228;1626;Fake;fake;fake
5233;1631;Fake;fake;fake
6428;2826;Fake;fake;fake
869;869;Real;real;fake
5565;1963;Fake;fake;fake
2497;2497;Real;real;fake
5771;2169;Fake;fake;real
1089;1089;Real;real;real
7076;3474;Fake;fake;real
3116;3116;Real;real;real
7159;3557;Fake;fake;fake
2834;2834;Real;real;fake
3084;3084;Real;real;real
6177;2575;Fake;fake;fake
2132;2132;Real;real;real
759;759;Real;real;real
103;103;Real;real;real
403;403;Real;real;fake
3515;3515;Real;real;fake
6652;3050;Fake;fake;fake
5399;1797;Fake;fake;real
1639;1639;Real;real;real
5666;2064;Fake;fake;real
755;755;Real;fake;fake
1066;1066;Real;real;real
3599;3599;Real;real;real
2659;2659;Real;real;real
7020;3418;Fake;fake;fake
4657;1055;Fake;fake;real
3278;3278;Real;real;real
881;881;Real;real;fake
3415;3415;Real;real;real
917;917;Real;real;real
6464;2862;Fake;fake;fake
7201;3599;Fake;fake;real
6905;3303;Fake;fake;fake
2379;2379;Real;real;real
1966;1966;Real;real;real
470;470;Real;real;real
3073;3073;Real;fake;fake
2194;2194;Real;real;real
5967;2365;Fake;fake;real
6738;3136;Fake;fake;fake
378;378;Real;real;real
3303;3303;Real;real;fake
563;563;Real;real;real
4458;856;Fake;fake;fake
3565;3565;Real;real;fake
2810;2810;Real;real;fake
1684;1684;Real;real;real
6849;3247;Fake;fake;real
231;231;Real;real;real
1120;1120;Real;real;real
5004;1402;Fake;fake;fake
5807;2205;Fake;fake;fake
2504;2504;Real;real;real
390;390;Real;real;real
1240;1240;Real;real;real
4822;1220;Fake;fake;fake
1408;1408;Real;real;real
3216;3216;Real;real;real
6285;2683;Fake;fake;fake
21;21;Real;fake;fake
4808;1206;Fake;fake;fake
6749;3147;Fake;fake;real
4424;822;Fake;fake;fake
784;784;Real;real;fake
4160;558;Fake;real;fake
6638;3036;Fake;fake;fake
4325;723;Fake;fake;fake
4142;540;Fake;fake;fake
3875;273;Fake;fake;fake
91;91;Real;fake;fake
3046;3046;Real;real;real
687;687;Real;real;real
1965;1965;Real;real;real
2919;2919;Real;real;real
1879;1879;Real;real;fake
365;365;Real;real;real
3461;3461;Real;real;real
7134;3532;Fake;fake;real
1973;1973;Real;real;real
5113;1511;Fake;fake;fake
5885;2283;Fake;fake;fake
5010;1408;Fake;fake;real
4696;1094;Fake;fake;real
6548;2946;Fake;fake;fake
3706;104;Fake;fake;real
5316;1714;Fake;fake;fake
438;438;Real;real;real
4185;583;Fake;real;real
7143;3541;Fake;real;real
5406;1804;Fake;real;real
416;416;Real;real;real
2696;2696;Real;real;real
868;868;Real;real;fake
153;153;Real;real;real
4699;1097;Fake;fake;fake
885;885;Real;real;real
5705;2103;Fake;fake;fake
5613;2011;Fake;fake;real
1371;1371;Real;real;real
856;856;Real;real;fake
5131;1529;Fake;fake;fake
2776;2776;Real;real;real
1344;1344;Real;real;real
3237;3237;Real;real;real
2173;2173;Real;real;fake
233;233;Real;real;fake
5024;1422;Fake;fake;real
4610;1008;Fake;fake;fake
1068;1068;Real;real;real
4943;1341;Fake;fake;real
146;146;Real;fake;fake
2362;2362;Real;real;real
5888;2286;Fake;fake;fake
2999;2999;Real;real;real
3158;3158;Real;real;real
6;6;Real;real;fake
2684;2684;Real;real;real
4028;426;Fake;fake;real
6887;3285;Fake;fake;fake
6052;2450;Fake;fake;fake
3753;151;Fake;fake;real
340;340;Real;real;real
3340;3340;Real;real;fake
5712;2110;Fake;fake;fake
4864;1262;Fake;fake;real
1492;1492;Real;real;real
1869;1869;Real;real;real
3514;3514;Real;real;fake
2004;2004;Real;real;real
1710;1710;Real;real;real
2923;2923;Real;real;real
1124;1124;Real;real;fake
432;432;Real;real;real
6461;2859;Fake;fake;real
165;165;Real;real;real
723;723;Real;real;fake
2458;2458;Real;real;real
3822;220;Fake;fake;fake
4711;1109;Fake;fake;fake
2024;2024;Real;real;fake
6740;3138;Fake;fake;fake
1861;1861;Real;real;real
2421;2421;Real;real;real
4957;1355;Fake;fake;real
229;229;Real;fake;fake
6555;2953;Fake;fake;real
5713;2111;Fake;fake;fake
5387;1785;Fake;fake;fake
2198;2198;Real;real;real
7193;3591;Fake;fake;fake
2183;2183;Real;real;fake
410;410;Real;real;real
912;912;Real;real;fake
3155;3155;Real;real;real
2753;2753;Real;real;real
3052;3052;Real;real;fake
65;65;Real;real;real
1646;1646;Real;real;real
3869;267;Fake;fake;fake
3409;3409;Real;real;fake
1142;1142;Real;fake;fake
39;39;Real;real;real
3011;3011;Real;fake;fake
5298;1696;Fake;fake;fake
3477;3477;Real;real;real
1123;1123;Real;real;fake
6305;2703;Fake;fake;fake
55;55;Real;fake;fake
4998;1396;Fake;fake;real
7069;3467;Fake;fake;fake
6874;3272;Fake;fake;fake
824;824;Real;real;fake
5599;1997;Fake;fake;real
1177;1177;Real;real;fake
4701;1099;Fake;fake;fake
6002;2400;Fake;fake;fake
1413;1413;Real;real;real
5059;1457;Fake;fake;real
5442;1840;Fake;fake;fake
4369;767;Fake;fake;fake
7132;3530;Fake;real;real
1155;1155;Real;real;real
4258;656;Fake;fake;real
3546;3546;Real;real;real
3085;3085;Real;real;real
2946;2946;Real;real;fake
7204;3602;Fake;fake;fake
3372;3372;Real;real;real
3554;3554;Real;real;real
5141;1539;Fake;fake;real
6317;2715;Fake;fake;fake
3945;343;Fake;fake;fake
3593;3593;Real;real;real
4154;552;Fake;fake;fake
5200;1598;Fake;fake;fake
5942;2340;Fake;fake;fake
3454;3454;Real;real;real
3788;186;Fake;fake;fake
75;75;Real;real;real
4662;1060;Fake;fake;fake
1057;1057;Real;real;fake
4690;1088;Fake;fake;fake
2022;2022;Real;real;real
4275;673;Fake;fake;fake
4592;990;Fake;fake;fake
961;961;Real;real;real
1691;1691;Real;real;real
6180;2578;Fake;fake;fake
11;11;Real;fake;fake
5492;1890;Fake;fake;fake
6355;2753;Fake;fake;real
635;635;Real;real;fake
4841;1239;Fake;fake;fake
1767;1767;Real;real;real
1395;1395;Real;real;real
450;450;Real;real;real
4537;935;Fake;fake;fake
3552;3552;Real;real;real
5855;2253;Fake;fake;fake
6676;3074;Fake;fake;fake
4100;498;Fake;fake;fake
7072;3470;Fake;fake;fake
163;163;Real;real;real
4565;963;Fake;fake;fake
1207;1207;Real;real;real
5911;2309;Fake;fake;fake
4146;544;Fake;fake;fake
2028;2028;Real;real;real
1481;1481;Real;real;fake
2452;2452;Real;real;real
969;969;Real;real;real
6822;3220;Fake;fake;fake
5811;2209;Fake;fake;fake
2738;2738;Real;real;real
2959;2959;Real;real;fake
50;50;Real;fake;fake
5845;2243;Fake;fake;fake
6830;3228;Fake;fake;fake
3384;3384;Real;real;real
6369;2767;Fake;fake;fake
1642;1642;Real;real;real
139;139;Real;real;real
2080;2080;Real;real;real
4451;849;Fake;fake;fake
2772;2772;Real;real;real
4460;858;Fake;real;real
7154;3552;Fake;fake;real
5965;2363;Fake;fake;real
990;990;Real;real;fake
2133;2133;Real;real;fake
4962;1360;Fake;fake;real
285;285;Real;real;real
4597;995;Fake;fake;fake
6108;2506;Fake;fake;real
4452;850;Fake;fake;fake
3252;3252;Real;real;fake
4986;1384;Fake;fake;real
5503;1901;Fake;fake;fake
5239;1637;Fake;fake;real
5679;2077;Fake;fake;fake
6956;3354;Fake;fake;fake
423;423;Real;real;real
5910;2308;Fake;fake;fake
4706;1104;Fake;fake;fake
5805;2203;Fake;fake;fake
2211;2211;Real;real;real
4418;816;Fake;fake;real
313;313;Real;real;real
6610;3008;Fake;fake;fake
1880;1880;Real;real;real
1018;1018;Real;real;real
2381;2381;Real;real;real
6117;2515;Fake;fake;fake
2108;2108;Real;real;real
6277;2675;Fake;fake;fake
4344;742;Fake;fake;fake
5304;1702;Fake;fake;fake
1460;1460;Real;real;fake
476;476;Real;real;real
7007;3405;Fake;fake;fake
770;770;Real;real;real
1619;1619;Real;real;real
6139;2537;Fake;fake;fake
4124;522;Fake;fake;real
4789;1187;Fake;fake;fake
5057;1455;Fake;fake;real
5311;1709;Fake;fake;fake
6115;2513;Fake;real;real
6755;3153;Fake;fake;fake
7095;3493;Fake;fake;fake
2155;2155;Real;real;fake
2221;2221;Real;real;real
2399;2399;Real;real;real
2939;2939;Real;real;real
456;456;Real;fake;fake
5118;1516;Fake;fake;real
4842;1240;Fake;fake;real
880;880;Real;fake;real
1566;1566;Real;real;fake
1351;1351;Real;real;fake
6167;2565;Fake;fake;fake
1681;1681;Real;real;fake
2454;2454;Real;real;real
4309;707;Fake;fake;real
2742;2742;Real;fake;fake
1841;1841;Real;real;fake
752;752;Real;real;fake
582;582;Real;real;real
5263;1661;Fake;fake;real
5597;1995;Fake;fake;real
5640;2038;Fake;fake;fake
507;507;Real;real;fake
7136;3534;Fake;fake;fake
6170;2568;Fake;fake;fake
2235;2235;Real;real;real
1967;1967;Real;real;fake
7123;3521;Fake;fake;fake
4296;694;Fake;fake;real
6835;3233;Fake;fake;fake
4710;1108;Fake;fake;real
4443;841;Fake;fake;real
5252;1650;Fake;fake;fake
2912;2912;Real;real;real
3330;3330;Real;real;real
6600;2998;Fake;fake;fake
4323;721;Fake;fake;fake
2901;2901;Real;real;fake
6589;2987;Fake;fake;fake
3412;3412;Real;real;real
3817;215;Fake;fake;fake
5748;2146;Fake;fake;real
1410;1410;Real;real;real
2690;2690;Real;real;real
921;921;Real;real;real
1414;1414;Real;real;real
2291;2291;Real;real;real
6883;3281;Fake;fake;fake
135;135;Real;real;real
3958;356;Fake;fake;fake
6365;2763;Fake;fake;fake
5497;1895;Fake;fake;fake
327;327;Real;real;real
2542;2542;Real;real;fake
1288;1288;Real;real;fake
6311;2709;Fake;fake;fake
1132;1132;Real;real;fake
6528;2926;Fake;fake;fake
1612;1612;Real;real;fake
5989;2387;Fake;fake;real
5446;1844;Fake;fake;fake
2393;2393;Real;real;fake
2668;2668;Real;real;real
1437;1437;Real;real;fake
4240;638;Fake;real;real
6127;2525;Fake;fake;real
4850;1248;Fake;fake;fake
1030;1030;Real;real;real
1398;1398;Real;real;real
1197;1197;Real;real;fake
1368;1368;Real;real;real
906;906;Real;real;fake
6287;2685;Fake;fake;fake
298;298;Real;real;real
3379;3379;Real;real;fake
1510;1510;Real;real;real
2678;2678;Real;real;real
6119;2517;Fake;fake;real
4366;764;Fake;fake;fake
5746;2144;Fake;fake;fake
70;70;Real;real;real
4122;520;Fake;real;real
634;634;Real;real;real
2677;2677;Real;real;real
3551;3551;Real;real;fake
2934;2934;Real;real;real
5412;1810;Fake;fake;fake
2894;2894;Real;real;real
3568;3568;Real;real;real
3342;3342;Real;real;fake
6381;2779;Fake;fake;real
6946;3344;Fake;fake;fake
651;651;Real;real;real
6210;2608;Fake;fake;fake
2287;2287;Real;real;real
6989;3387;Fake;fake;fake
5288;1686;Fake;fake;fake
6333;2731;Fake;fake;real
220;220;Real;fake;fake
6205;2603;Fake;fake;fake
283;283;Real;real;real
801;801;Real;real;real
6321;2719;Fake;fake;fake
5085;1483;Fake;fake;fake
4601;999;Fake;real;real
363;363;Real;real;real
2808;2808;Real;real;real
1504;1504;Real;real;real
2346;2346;Real;real;real
3275;3275;Real;real;fake
648;648;Real;real;real
2929;2929;Real;real;fake
4182;580;Fake;fake;fake
3660;58;Fake;fake;real
6053;2451;Fake;fake;fake
6630;3028;Fake;fake;fake
6077;2475;Fake;fake;fake
3572;3572;Real;real;fake
5957;2355;Fake;fake;fake
4334;732;Fake;fake;fake
5356;1754;Fake;fake;fake
2089;2089;Real;real;fake
3836;234;Fake;fake;fake
5906;2304;Fake;fake;fake
4928;1326;Fake;fake;fake
3187;3187;Real;real;real
6176;2574;Fake;real;real
4529;927;Fake;real;real
6673;3071;Fake;fake;fake
4579;977;Fake;fake;fake
1777;1777;Real;real;real
6387;2785;Fake;fake;fake
6032;2430;Fake;fake;fake
2679;2679;Real;real;real
2671;2671;Real;real;fake
2344;2344;Real;real;fake
237;237;Real;real;real
2091;2091;Real;real;fake
2845;2845;Real;real;fake
3640;38;Fake;fake;fake
2686;2686;Real;real;fake
4045;443;Fake;fake;fake
4613;1011;Fake;real;real
5893;2291;Fake;fake;real
935;935;Real;real;fake
2853;2853;Real;real;fake
1707;1707;Real;fake;fake
2741;2741;Real;real;real
3126;3126;Real;real;real
3144;3144;Real;real;real
4550;948;Fake;fake;fake
713;713;Real;real;fake
2494;2494;Real;real;real
2088;2088;Real;fake;fake
5206;1604;Fake;fake;real
5981;2379;Fake;fake;real
2085;2085;Real;real;real
6954;3352;Fake;real;real
6153;2551;Fake;fake;fake
6169;2567;Fake;fake;fake
6771;3169;Fake;fake;fake
6672;3070;Fake;fake;fake
6070;2468;Fake;fake;real
3933;331;Fake;fake;fake
6572;2970;Fake;fake;real
2881;2881;Real;real;fake
4904;1302;Fake;fake;fake
5197;1595;Fake;fake;fake
5139;1537;Fake;fake;fake
896;896;Real;real;real
4534;932;Fake;real;fake
5332;1730;Fake;fake;fake
5424;1822;Fake;fake;fake
736;736;Real;real;fake
834;834;Real;real;real
5924;2322;Fake;fake;fake
4952;1350;Fake;fake;fake
4854;1252;Fake;real;real
6670;3068;Fake;fake;fake
5914;2312;Fake;fake;fake
5076;1474;Fake;fake;fake
3329;3329;Real;real;real
415;415;Real;real;fake
2692;2692;Real;real;real
1730;1730;Real;fake;fake
1702;1702;Real;real;fake
300;300;Real;real;real
4743;1141;Fake;fake;fake
6069;2467;Fake;fake;fake
2739;2739;Real;real;real
140;140;Real;fake;fake
5872;2270;Fake;fake;real
6150;2548;Fake;fake;real
1601;1601;Real;real;fake
4727;1125;Fake;fake;fake
538;538;Real;real;fake
4153;551;Fake;fake;real
2693;2693;Real;real;real
1161;1161;Real;real;real
2485;2485;Real;real;real
4312;710;Fake;fake;fake
3358;3358;Real;real;real
5999;2397;Fake;fake;real
5591;1989;Fake;fake;real
6524;2922;Fake;fake;fake
934;934;Real;real;real
6591;2989;Fake;fake;fake
5080;1478;Fake;fake;fake
1166;1166;Real;real;real
1544;1544;Real;real;real
127;127;Real;real;real
948;948;Real;real;fake
4218;616;Fake;fake;fake
6087;2485;Fake;fake;real
2082;2082;Real;real;real
544;544;Real;real;fake
5516;1914;Fake;fake;fake
1785;1785;Real;real;fake
674;674;Real;real;real
2029;2029;Real;real;real
176;176;Real;real;real
750;750;Real;real;real
6952;3350;Fake;fake;fake
4008;406;Fake;fake;fake
5251;1649;Fake;fake;fake
704;704;Real;real;real
3983;381;Fake;fake;fake
2339;2339;Real;real;real
1886;1886;Real;real;real
4002;400;Fake;fake;fake
234;234;Real;real;fake
629;629;Real;real;real
2197;2197;Real;real;fake
3164;3164;Real;real;real
5794;2192;Fake;fake;fake
2349;2349;Real;real;real
1907;1907;Real;real;real
6208;2606;Fake;fake;fake
3982;380;Fake;fake;real
5360;1758;Fake;fake;real
546;546;Real;real;real
4163;561;Fake;real;real
3734;132;Fake;fake;fake
1099;1099;Real;real;fake
20;20;Real;real;fake
6517;2915;Fake;fake;fake
3883;281;Fake;fake;fake
7101;3499;Fake;fake;fake
3003;3003;Real;real;real
1315;1315;Real;real;fake
3322;3322;Real;real;real
6917;3315;Fake;fake;fake
14;14;Real;real;fake
3501;3501;Real;real;real
7156;3554;Fake;fake;real
1813;1813;Real;real;real
6964;3362;Fake;fake;real
3749;147;Fake;real;real
5455;1853;Fake;fake;fake
4155;553;Fake;fake;real
864;864;Real;real;real
1476;1476;Real;real;real
3832;230;Fake;fake;fake
4265;663;Fake;fake;fake
5013;1411;Fake;fake;fake
3404;3404;Real;real;real
2796;2796;Real;real;real
6186;2584;Fake;fake;fake
839;839;Real;real;real
3525;3525;Real;real;real
3210;3210;Real;real;real
1115;1115;Real;real;real
1844;1844;Real;real;fake
6735;3133;Fake;fake;fake
6349;2747;Fake;fake;fake
3881;279;Fake;fake;real
3308;3308;Real;real;real
1749;1749;Real;real;real
6228;2626;Fake;fake;fake
6930;3328;Fake;fake;fake
6438;2836;Fake;fake;real
5740;2138;Fake;fake;fake
3810;208;Fake;fake;fake
6843;3241;Fake;fake;fake
5963;2361;Fake;fake;fake
2590;2590;Real;real;real
3110;3110;Real;real;real
3771;169;Fake;real;real
3292;3292;Real;real;real
6123;2521;Fake;fake;fake
4080;478;Fake;fake;fake
4735;1133;Fake;real;real
1367;1367;Real;real;fake
5056;1454;Fake;fake;fake
1810;1810;Real;real;fake
4594;992;Fake;fake;fake
3054;3054;Real;real;real
4663;1061;Fake;fake;real
5653;2051;Fake;fake;real
1719;1719;Real;real;real
1975;1975;Real;real;real
2698;2698;Real;real;real
4041;439;Fake;real;real
5621;2019;Fake;fake;real
2179;2179;Real;real;real
186;186;Real;fake;fake
1994;1994;Real;real;real
3763;161;Fake;fake;fake
6044;2442;Fake;fake;fake
894;894;Real;real;real
452;452;Real;real;real
2414;2414;Real;real;real
6826;3224;Fake;fake;real
3208;3208;Real;real;fake
1452;1452;Real;real;real
5449;1847;Fake;fake;fake
6687;3085;Fake;fake;real
1047;1047;Real;real;fake
6023;2421;Fake;fake;real
4214;612;Fake;fake;fake
2483;2483;Real;real;fake
4760;1158;Fake;fake;fake
1553;1553;Real;real;fake
7096;3494;Fake;fake;fake
2143;2143;Real;real;real
6567;2965;Fake;fake;fake
2820;2820;Real;real;real
518;518;Real;real;real
1442;1442;Real;real;real
3181;3181;Real;real;real
4394;792;Fake;fake;fake
3849;247;Fake;fake;fake
1112;1112;Real;real;real
5483;1881;Fake;fake;fake
6718;3116;Fake;fake;real
5790;2188;Fake;fake;real
259;259;Real;real;real
4961;1359;Fake;fake;fake
6090;2488;Fake;fake;fake
4793;1191;Fake;fake;fake
3937;335;Fake;fake;real
3508;3508;Real;real;real
6011;2409;Fake;fake;real
308;308;Real;real;fake
5826;2224;Fake;fake;fake
1840;1840;Real;real;fake
4387;785;Fake;fake;real
5377;1775;Fake;fake;fake
978;978;Real;real;real
1945;1945;Real;real;real
3879;277;Fake;fake;real
3286;3286;Real;fake;real
6329;2727;Fake;fake;real
3563;3563;Real;real;fake
3918;316;Fake;fake;fake
2005;2005;Real;real;real
3702;100;Fake;fake;fake
5609;2007;Fake;fake;real
333;333;Real;real;fake
3579;3579;Real;fake;fake
1656;1656;Real;real;real
4893;1291;Fake;fake;fake
6906;3304;Fake;fake;fake
5680;2078;Fake;fake;real
1977;1977;Real;real;real
6198;2596;Fake;fake;fake
2466;2466;Real;real;real
1302;1302;Real;real;fake
1818;1818;Real;real;real
5931;2329;Fake;fake;real
5633;2031;Fake;fake;fake
182;182;Real;real;real
7019;3417;Fake;fake;real
6160;2558;Fake;fake;fake
6394;2792;Fake;fake;fake
5475;1873;Fake;fake;real
5848;2246;Fake;fake;fake
5985;2383;Fake;fake;fake
5519;1917;Fake;fake;fake
2165;2165;Real;real;fake
2683;2683;Real;real;fake
5041;1439;Fake;fake;fake
4088;486;Fake;fake;fake
1479;1479;Real;real;real
4849;1247;Fake;fake;fake
5035;1433;Fake;fake;fake
6656;3054;Fake;fake;real
5402;1800;Fake;fake;real
6659;3057;Fake;fake;fake
6083;2481;Fake;fake;fake
3948;346;Fake;fake;fake
3846;244;Fake;fake;fake
1914;1914;Real;real;fake
2597;2597;Real;real;fake
5003;1401;Fake;fake;real
4178;576;Fake;fake;fake
3397;3397;Real;real;fake
4658;1056;Fake;fake;fake
1670;1670;Real;real;real
6216;2614;Fake;fake;fake
2607;2607;Real;real;real
7170;3568;Fake;fake;real
5450;1848;Fake;fake;fake
762;762;Real;real;fake
4791;1189;Fake;real;real
4274;672;Fake;fake;fake
5530;1928;Fake;fake;fake
6933;3331;Fake;fake;fake
798;798;Real;real;real
6046;2444;Fake;fake;fake
4583;981;Fake;fake;fake
6467;2865;Fake;fake;fake
1211;1211;Real;real;fake
3107;3107;Real;real;real
3809;207;Fake;fake;real
5199;1597;Fake;fake;real
3179;3179;Real;real;fake
4575;973;Fake;fake;real
6829;3227;Fake;fake;real
3993;391;Fake;fake;real
125;125;Real;real;real
3133;3133;Real;real;fake
7045;3443;Fake;fake;fake
4263;661;Fake;fake;fake
3346;3346;Real;real;real
4838;1236;Fake;fake;fake
4605;1003;Fake;fake;fake
2003;2003;Real;real;fake
4287;685;Fake;fake;fake
6666;3064;Fake;fake;fake
2248;2248;Real;real;real
1865;1865;Real;real;real
3680;78;Fake;fake;fake
735;735;Real;real;real
2432;2432;Real;fake;fake
2408;2408;Real;real;fake
4950;1348;Fake;fake;real
6519;2917;Fake;fake;real
4599;997;Fake;fake;fake
2716;2716;Real;real;real
1149;1149;Real;real;real
2230;2230;Real;real;real
6925;3323;Fake;fake;real
3098;3098;Real;real;fake
3108;3108;Real;real;real
5576;1974;Fake;fake;fake
2730;2730;Real;real;real
1349;1349;Real;real;real
421;421;Real;real;fake
6839;3237;Fake;fake;real
1759;1759;Real;real;real
3533;3533;Real;real;real
272;272;Real;real;real
4232;630;Fake;fake;fake
1508;1508;Real;real;real
2540;2540;Real;real;real
3654;52;Fake;real;real
5339;1737;Fake;fake;fake
6769;3167;Fake;fake;real
1855;1855;Real;real;fake
751;751;Real;real;real
1644;1644;Real;real;real
2499;2499;Real;real;fake
5925;2323;Fake;fake;fake
6244;2642;Fake;fake;real
2364;2364;Real;real;real
6391;2789;Fake;fake;fake
319;319;Real;real;real
6853;3251;Fake;fake;fake
3112;3112;Real;fake;fake
3051;3051;Real;real;real
6761;3159;Fake;fake;real
3697;95;Fake;fake;real
2040;2040;Real;fake;fake
4654;1052;Fake;fake;fake
337;337;Real;real;real
3458;3458;Real;real;real
3966;364;Fake;fake;real
3707;105;Fake;real;real
6132;2530;Fake;fake;fake
5271;1669;Fake;fake;fake
3868;266;Fake;fake;fake
4980;1378;Fake;fake;fake
2480;2480;Real;real;real
1299;1299;Real;real;real
5561;1959;Fake;fake;fake
5042;1440;Fake;fake;fake
4246;644;Fake;fake;fake
5943;2341;Fake;fake;fake
6731;3129;Fake;real;real
5496;1894;Fake;fake;fake
4718;1116;Fake;fake;real
5426;1824;Fake;fake;fake
5512;1910;Fake;fake;real
2902;2902;Real;real;fake
3626;24;Fake;real;real
1732;1732;Real;real;real
773;773;Real;real;real
3740;138;Fake;real;real
6294;2692;Fake;fake;real
3946;344;Fake;fake;real
4744;1142;Fake;fake;fake
6246;2644;Fake;fake;fake
690;690;Real;fake;fake
7151;3549;Fake;fake;real
6440;2838;Fake;fake;fake
1313;1313;Real;real;fake
3025;3025;Real;real;real
4639;1037;Fake;fake;real
4480;878;Fake;fake;fake
3965;363;Fake;real;real
2457;2457;Real;real;real
2495;2495;Real;real;real
982;982;Real;real;real
1275;1275;Real;real;real
2107;2107;Real;real;real
1916;1916;Real;real;real
5078;1476;Fake;fake;real
6350;2748;Fake;fake;fake
5225;1623;Fake;fake;real
826;826;Real;real;real
3315;3315;Real;real;fake
1042;1042;Real;real;real
963;963;Real;real;fake
1409;1409;Real;real;real
2906;2906;Real;real;fake
6756;3154;Fake;fake;real
7077;3475;Fake;fake;fake
3857;255;Fake;fake;fake
4428;826;Fake;fake;real
4620;1018;Fake;fake;real
5196;1594;Fake;fake;fake
6068;2466;Fake;fake;real
5148;1546;Fake;fake;fake
5650;2048;Fake;fake;fake
1287;1287;Real;real;real
4071;469;Fake;fake;real
2955;2955;Real;real;fake
80;80;Real;real;real
1045;1045;Real;real;real
164;164;Real;real;real
6345;2743;Fake;fake;fake
4055;453;Fake;fake;fake
240;240;Real;real;fake
6570;2968;Fake;fake;fake
4291;689;Fake;fake;fake
469;469;Real;real;real
1056;1056;Real;real;fake
1895;1895;Real;real;fake
6439;2837;Fake;fake;fake
4737;1135;Fake;fake;real
4831;1229;Fake;fake;real
623;623;Real;real;real
205;205;Real;fake;fake
3027;3027;Real;real;fake
1600;1600;Real;real;real
4665;1063;Fake;fake;fake
6145;2543;Fake;fake;real
6574;2972;Fake;fake;fake
6717;3115;Fake;fake;real
5528;1926;Fake;fake;real
2715;2715;Real;real;fake
2208;2208;Real;real;real
4507;905;Fake;fake;fake
1167;1167;Real;real;real
1871;1871;Real;real;fake
4272;670;Fake;fake;fake
4573;971;Fake;fake;fake
1616;1616;Real;real;fake
1043;1043;Real;real;real
940;940;Real;real;fake
5527;1925;Fake;real;fake
394;394;Real;real;fake
4819;1217;Fake;fake;fake
1667;1667;Real;real;real
1052;1052;Real;real;fake
543;543;Real;real;real
1918;1918;Real;real;real
3077;3077;Real;real;real
4279;677;Fake;fake;real
1806;1806;Real;real;real
3176;3176;Real;real;real
5322;1720;Fake;fake;fake
524;524;Real;real;real
1080;1080;Real;real;fake
3615;13;Fake;fake;fake
5601;1999;Fake;fake;fake
4006;404;Fake;fake;fake
598;598;Real;real;real
5504;1902;Fake;fake;fake
345;345;Real;real;real
3713;111;Fake;fake;real
4630;1028;Fake;fake;real
1209;1209;Real;real;fake
128;128;Real;real;real
6035;2433;Fake;fake;fake
6266;2664;Fake;fake;fake
5837;2235;Fake;fake;real
6931;3329;Fake;fake;real
2888;2888;Real;real;real
5391;1789;Fake;fake;real
689;689;Real;real;fake
468;468;Real;real;real
5529;1927;Fake;fake;fake
3913;311;Fake;fake;fake
339;339;Real;real;real
7046;3444;Fake;fake;fake
5115;1513;Fake;fake;fake
5096;1494;Fake;fake;real
1463;1463;Real;real;real
1832;1832;Real;real;fake
3955;353;Fake;fake;fake
7191;3589;Fake;fake;fake
7099;3497;Fake;fake;fake
5090;1488;Fake;fake;fake
7057;3455;Fake;fake;real
3063;3063;Real;real;fake
6315;2713;Fake;fake;fake
1484;1484;Real;real;fake
3069;3069;Real;real;real
895;895;Real;real;fake
3402;3402;Real;real;fake
4505;903;Fake;real;real
6818;3216;Fake;fake;real
1594;1594;Real;real;fake
5293;1691;Fake;fake;real
311;311;Real;real;fake
106;106;Real;fake;fake
1738;1738;Real;real;real
2355;2355;Real;real;fake
3153;3153;Real;real;fake
118;118;Real;real;real
855;855;Real;real;real
5466;1864;Fake;fake;fake
4436;834;Fake;fake;real
2314;2314;Real;real;real
6341;2739;Fake;fake;real
754;754;Real;real;real
6554;2952;Fake;fake;fake
1736;1736;Real;real;fake
1837;1837;Real;real;real
3893;291;Fake;real;real
5357;1755;Fake;fake;fake
6767;3165;Fake;fake;fake
867;867;Real;fake;fake
3608;6;Fake;fake;fake
3100;3100;Real;real;fake
4464;862;Fake;fake;fake
1264;1264;Real;real;real
3450;3450;Real;real;real
2599;2599;Real;real;real
4016;414;Fake;fake;fake
3825;223;Fake;fake;fake
1769;1769;Real;fake;fake
992;992;Real;real;fake
1620;1620;Real;fake;fake
6125;2523;Fake;fake;fake
5106;1504;Fake;fake;real
6870;3268;Fake;fake;fake
170;170;Real;fake;real
3145;3145;Real;real;real
3263;3263;Real;real;real
6894;3292;Fake;fake;real
3087;3087;Real;real;real
2441;2441;Real;real;real
4371;769;Fake;fake;fake
1545;1545;Real;real;fake
2733;2733;Real;real;real
493;493;Real;real;real
6741;3139;Fake;fake;real
1795;1795;Real;real;real
5405;1803;Fake;fake;real
4728;1126;Fake;fake;fake
2675;2675;Real;real;fake
692;692;Real;real;fake
6004;2402;Fake;fake;fake
4908;1306;Fake;fake;real
5146;1544;Fake;fake;real
2328;2328;Real;real;real
1206;1206;Real;real;fake
2773;2773;Real;real;fake
52;52;Real;real;real
2674;2674;Real;real;real
7113;3511;Fake;fake;fake
2748;2748;Real;real;fake
4656;1054;Fake;fake;fake
5236;1634;Fake;fake;fake
2637;2637;Real;real;real
3641;39;Fake;fake;real
2475;2475;Real;real;fake
4282;680;Fake;fake;fake
105;105;Real;real;real
6719;3117;Fake;fake;real
1519;1519;Real;real;fake
5065;1463;Fake;fake;real
45;45;Real;real;real
6418;2816;Fake;fake;fake
5860;2258;Fake;fake;real
368;368;Real;real;real
7163;3561;Fake;fake;fake
4303;701;Fake;fake;fake
4618;1016;Fake;fake;real
4367;765;Fake;fake;fake
3040;3040;Real;real;real
1350;1350;Real;real;fake
2193;2193;Real;real;real
1399;1399;Real;real;real
2564;2564;Real;real;real
5710;2108;Fake;fake;real
6680;3078;Fake;fake;fake
2061;2061;Real;fake;fake
6079;2477;Fake;fake;fake
7160;3558;Fake;fake;fake
4285;683;Fake;fake;fake
3056;3056;Real;real;real
4914;1312;Fake;fake;fake
5358;1756;Fake;fake;fake
1911;1911;Real;real;fake
2321;2321;Real;real;fake
2842;2842;Real;real;real
4586;984;Fake;fake;fake
6318;2716;Fake;fake;real
1824;1824;Real;real;fake
5074;1472;Fake;fake;fake
1063;1063;Real;real;fake
454;454;Real;real;fake
86;86;Real;real;fake
5421;1819;Fake;fake;real
1528;1528;Real;real;real
144;144;Real;real;fake
2350;2350;Real;real;real
2972;2972;Real;real;fake
2347;2347;Real;real;real
5258;1656;Fake;fake;real
3768;166;Fake;real;real
2961;2961;Real;real;real
197;197;Real;real;fake
1590;1590;Real;real;real
2400;2400;Real;real;fake
381;381;Real;real;fake
4512;910;Fake;fake;fake
515;515;Real;real;real
3143;3143;Real;real;real
2100;2100;Real;real;fake
5955;2353;Fake;fake;fake
4347;745;Fake;fake;fake
1430;1430;Real;real;fake
1970;1970;Real;real;real
1533;1533;Real;real;fake
3049;3049;Real;real;real
796;796;Real;real;real
2909;2909;Real;real;real
6141;2539;Fake;fake;fake
1739;1739;Real;real;fake
2439;2439;Real;real;real
1320;1320;Real;real;real
77;77;Real;real;real
4374;772;Fake;fake;fake
5367;1765;Fake;fake;real
1347;1347;Real;real;fake
1248;1248;Real;real;fake
7155;3553;Fake;fake;fake
4858;1256;Fake;fake;fake
238;238;Real;real;fake
3984;382;Fake;fake;real
2015;2015;Real;real;fake
1596;1596;Real;real;real
193;193;Real;real;real
6240;2638;Fake;fake;fake
1689;1689;Real;fake;fake
464;464;Real;real;real
3607;5;Fake;fake;fake
6715;3113;Fake;fake;real
724;724;Real;real;real
1077;1077;Real;real;real
349;349;Real;real;fake
2378;2378;Real;real;real
4439;837;Fake;fake;real
2320;2320;Real;real;real
2479;2479;Real;real;real
5723;2121;Fake;fake;fake
3367;3367;Real;real;fake
2103;2103;Real;real;fake
2688;2688;Real;real;fake
2968;2968;Real;real;fake
4089;487;Fake;fake;fake
6893;3291;Fake;fake;fake
35;35;Real;real;real
3094;3094;Real;real;real
5016;1414;Fake;fake;real
6640;3038;Fake;fake;fake
2227;2227;Real;real;real
1326;1326;Real;real;fake
4524;922;Fake;fake;fake
6395;2793;Fake;fake;fake
7038;3436;Fake;fake;fake
2875;2875;Real;real;real
6426;2824;Fake;fake;fake
6230;2628;Fake;fake;fake
2388;2388;Real;real;real
4556;954;Fake;fake;fake
3843;241;Fake;fake;fake
4955;1353;Fake;fake;fake
31;31;Real;fake;fake
2306;2306;Real;real;fake
1582;1582;Real;real;fake
4278;676;Fake;fake;real
1783;1783;Real;real;real
3207;3207;Real;fake;fake
778;778;Real;real;real
5773;2171;Fake;fake;fake
4112;510;Fake;real;fake
1836;1836;Real;real;real
3991;389;Fake;fake;fake
4019;417;Fake;fake;fake
4380;778;Fake;fake;real
5937;2335;Fake;fake;fake
5034;1432;Fake;fake;real
4441;839;Fake;fake;real
3300;3300;Real;real;real
7055;3453;Fake;fake;fake
4270;668;Fake;fake;real
4956;1354;Fake;fake;fake
489;489;Real;real;real
3377;3377;Real;real;real
1439;1439;Real;real;fake
1845;1845;Real;real;fake
6429;2827;Fake;fake;fake
6005;2403;Fake;fake;fake
6097;2495;Fake;fake;real
3767;165;Fake;fake;real
3842;240;Fake;fake;fake
4698;1096;Fake;fake;fake
6757;3155;Fake;fake;real
1518;1518;Real;real;real
5662;2060;Fake;fake;real
3972;370;Fake;fake;fake
4058;456;Fake;fake;fake
985;985;Real;real;real
51;51;Real;real;real
2220;2220;Real;real;fake
1726;1726;Real;real;real
6658;3056;Fake;fake;real
6698;3096;Fake;fake;fake
1022;1022;Real;real;fake
6247;2645;Fake;fake;real
4733;1131;Fake;fake;fake
5556;1954;Fake;fake;fake
7142;3540;Fake;real;real
1044;1044;Real;real;real
1687;1687;Real;real;fake
6632;3030;Fake;fake;fake
2168;2168;Real;real;real
3627;25;Fake;fake;fake
5894;2292;Fake;fake;fake
5272;1670;Fake;fake;real
5031;1429;Fake;fake;fake
122;122;Real;real;real
3185;3185;Real;real;real
3188;3188;Real;real;real
3048;3048;Real;real;fake
1548;1548;Real;real;real
6598;2996;Fake;fake;real
5193;1591;Fake;fake;fake
5123;1521;Fake;fake;fake
3102;3102;Real;real;real
5736;2134;Fake;fake;real
4753;1151;Fake;fake;fake
616;616;Real;real;fake
923;923;Real;real;real
4051;449;Fake;fake;real
1754;1754;Real;real;fake
3078;3078;Real;real;fake
1931;1931;Real;real;real
2635;2635;Real;real;fake
3448;3448;Real;real;real
4704;1102;Fake;fake;real
3465;3465;Real;real;real
2110;2110;Real;real;fake
6577;2975;Fake;real;real
5905;2303;Fake;fake;fake
6984;3382;Fake;fake;fake
970;970;Real;real;real
71;71;Real;real;fake
4337;735;Fake;real;real
1572;1572;Real;real;real
1065;1065;Real;real;real
2251;2251;Real;real;real
6261;2659;Fake;fake;real
6116;2514;Fake;fake;fake
7082;3480;Fake;fake;fake
5185;1583;Fake;fake;real
721;721;Real;real;fake
1793;1793;Real;real;real
5681;2079;Fake;fake;real
6138;2536;Fake;fake;fake
4204;602;Fake;fake;fake
2136;2136;Real;real;real
2965;2965;Real;real;fake
7115;3513;Fake;fake;fake
3171;3171;Real;real;real
3195;3195;Real;real;real
6971;3369;Fake;fake;real
5730;2128;Fake;fake;fake
5382;1780;Fake;fake;real
2555;2555;Real;real;fake
6463;2861;Fake;fake;real
301;301;Real;real;real
2297;2297;Real;real;fake
5922;2320;Fake;fake;real
5667;2065;Fake;fake;fake
4059;457;Fake;fake;fake
6477;2875;Fake;fake;real
5240;1638;Fake;fake;real
6347;2745;Fake;fake;real
2581;2581;Real;real;real
5274;1672;Fake;fake;fake
5378;1776;Fake;fake;real
2284;2284;Real;real;fake
1138;1138;Real;real;real
6983;3381;Fake;fake;fake
288;288;Real;real;real
40;40;Real;real;real
1083;1083;Real;real;real
4840;1238;Fake;fake;fake
624;624;Real;real;fake
1632;1632;Real;real;real
4050;448;Fake;fake;real
254;254;Real;real;real
4593;991;Fake;real;real
32;32;Real;real;real
5781;2179;Fake;fake;real
2750;2750;Real;real;fake
85;85;Real;fake;fake
3647;45;Fake;fake;real
2584;2584;Real;fake;fake
2481;2481;Real;real;fake
4259;657;Fake;real;real
5759;2157;Fake;fake;fake
695;695;Real;real;real
6685;3083;Fake;fake;fake
2957;2957;Real;real;real
1786;1786;Real;real;real
2647;2647;Real;real;real
769;769;Real;real;fake
6473;2871;Fake;fake;real
4918;1316;Fake;fake;fake
5562;1960;Fake;fake;fake
2191;2191;Real;real;real
3569;3569;Real;real;real
2465;2465;Real;real;real
3344;3344;Real;real;fake
4882;1280;Fake;fake;real
3815;213;Fake;fake;fake
2978;2978;Real;real;real
2282;2282;Real;real;fake
764;764;Real;real;fake
7195;3593;Fake;fake;real
2809;2809;Real;real;fake
3969;367;Fake;fake;fake
7010;3408;Fake;fake;real
1097;1097;Real;fake;fake
1580;1580;Real;real;real
4239;637;Fake;fake;fake
3387;3387;Real;real;fake
3202;3202;Real;real;real
5697;2095;Fake;fake;real
1038;1038;Real;real;real
3507;3507;Real;real;real
7088;3486;Fake;real;fake
2130;2130;Real;real;fake
4319;717;Fake;fake;real
95;95;Real;real;real
2386;2386;Real;real;real
2928;2928;Real;real;fake
3363;3363;Real;real;real
964;964;Real;real;fake
4360;758;Fake;fake;real
2766;2766;Real;real;fake
619;619;Real;real;real
6807;3205;Fake;fake;fake
6049;2447;Fake;fake;real
1051;1051;Real;real;fake
2043;2043;Real;real;real
2433;2433;Real;real;fake
3291;3291;Real;real;fake
4515;913;Fake;fake;fake
4673;1071;Fake;fake;fake
2325;2325;Real;real;fake
2180;2180;Real;fake;real
5494;1892;Fake;fake;fake
3211;3211;Real;real;real
6648;3046;Fake;fake;real
6994;3392;Fake;fake;real
6203;2601;Fake;fake;fake
289;289;Real;fake;real
1683;1683;Real;real;fake
4924;1322;Fake;fake;real
6336;2734;Fake;fake;fake
7030;3428;Fake;fake;fake
728;728;Real;real;real
6148;2546;Fake;real;real
3839;237;Fake;fake;real
1920;1920;Real;real;real
654;654;Real;real;fake
5847;2245;Fake;fake;real
991;991;Real;real;real
6745;3143;Fake;fake;real
4125;523;Fake;fake;fake
4438;836;Fake;fake;real
6783;3181;Fake;fake;real
4444;842;Fake;fake;real
3574;3574;Real;real;real
5195;1593;Fake;fake;fake
4042;440;Fake;fake;fake
5315;1713;Fake;fake;fake
7200;3598;Fake;fake;fake
2009;2009;Real;real;real
5011;1409;Fake;fake;real
5996;2394;Fake;fake;real
4147;545;Fake;fake;fake
5783;2181;Fake;fake;real
6819;3217;Fake;fake;fake
3597;3597;Real;real;real
779;779;Real;real;real
7003;3401;Fake;fake;real
2612;2612;Real;real;fake
3217;3217;Real;real;fake
7127;3525;Fake;real;real
2017;2017;Real;real;real
2790;2790;Real;real;real
250;250;Real;real;fake
1164;1164;Real;real;fake
2417;2417;Real;real;real
6937;3335;Fake;fake;fake
2119;2119;Real;real;real
1219;1219;Real;real;real
5778;2176;Fake;fake;real
1008;1008;Real;real;fake
2242;2242;Real;real;real
6683;3081;Fake;fake;real
6022;2420;Fake;fake;fake
3790;188;Fake;real;real
1677;1677;Real;real;real
663;663;Real;real;fake
6124;2522;Fake;fake;real
7006;3404;Fake;fake;real
772;772;Real;real;fake
7081;3479;Fake;fake;real
3280;3280;Real;real;fake
2336;2336;Real;real;real
1005;1005;Real;real;real
4947;1345;Fake;fake;fake
5548;1946;Fake;fake;real
6332;2730;Fake;fake;real
1842;1842;Real;real;real
1497;1497;Real;real;real
1002;1002;Real;real;fake
5704;2102;Fake;fake;real
2576;2576;Real;real;fake
2464;2464;Real;real;fake
3908;306;Fake;fake;fake
5499;1897;Fake;fake;real
3798;196;Fake;fake;real
4709;1107;Fake;fake;fake
5474;1872;Fake;fake;fake
2536;2536;Real;real;fake
4281;679;Fake;fake;fake
3394;3394;Real;real;real
5366;1764;Fake;fake;real
727;727;Real;real;real
457;457;Real;real;fake
3;3;Real;fake;fake
1584;1584;Real;real;real
6062;2460;Fake;fake;fake
6536;2934;Fake;fake;real
152;152;Real;fake;fake
1378;1378;Real;real;fake
1651;1651;Real;real;fake
4790;1188;Fake;fake;real
785;785;Real;real;real
6643;3041;Fake;fake;fake
2410;2410;Real;real;real
3920;318;Fake;fake;real
1542;1542;Real;real;real
1808;1808;Real;real;real
2281;2281;Real;real;real
3197;3197;Real;real;real
5269;1667;Fake;fake;real
2366;2366;Real;fake;fake
2243;2243;Real;fake;fake
1477;1477;Real;real;fake
3079;3079;Real;real;fake
3971;369;Fake;fake;real
5869;2267;Fake;fake;real
4220;618;Fake;fake;real
1706;1706;Real;real;real
1303;1303;Real;real;real
6784;3182;Fake;fake;fake
54;54;Real;real;real
4453;851;Fake;fake;fake
2529;2529;Real;real;fake
1419;1419;Real;real;real
4674;1072;Fake;fake;fake
6435;2833;Fake;fake;fake
5284;1682;Fake;fake;fake
426;426;Real;real;real
4809;1207;Fake;fake;real
3460;3460;Real;real;real
161;161;Real;real;fake
4501;899;Fake;fake;fake
603;603;Real;real;real
150;150;Real;real;real
1376;1376;Real;real;real
5865;2263;Fake;fake;fake
5515;1913;Fake;fake;fake
5821;2219;Fake;fake;real
814;814;Real;real;fake
2145;2145;Real;real;fake
2889;2889;Real;real;real
184;184;Real;real;real
5695;2093;Fake;fake;fake
1500;1500;Real;real;real
98;98;Real;real;real
5535;1933;Fake;fake;fake
6675;3073;Fake;fake;fake
82;82;Real;real;real
4870;1268;Fake;fake;fake
6465;2863;Fake;fake;real
5918;2316;Fake;fake;fake
5734;2132;Fake;fake;real
4874;1272;Fake;fake;fake
2601;2601;Real;real;fake
171;171;Real;real;real
6880;3278;Fake;fake;real
5259;1657;Fake;fake;real
2602;2602;Real;real;real
667;667;Real;real;real
5437;1835;Fake;fake;fake
6794;3192;Fake;fake;fake
2368;2368;Real;real;real
1523;1523;Real;real;real
5729;2127;Fake;fake;fake
1513;1513;Real;real;fake
5498;1896;Fake;fake;fake
1281;1281;Real;real;real
2911;2911;Real;real;real
230;230;Real;real;fake
5580;1978;Fake;fake;fake
5444;1842;Fake;fake;real
1666;1666;Real;real;real
3717;115;Fake;real;real
4782;1180;Fake;fake;fake
5411;1809;Fake;fake;real
4951;1349;Fake;fake;real
4930;1328;Fake;real;fake
1375;1375;Real;real;real
5696;2094;Fake;fake;fake
3041;3041;Real;real;fake
4252;650;Fake;fake;fake
5572;1970;Fake;fake;real
7065;3463;Fake;fake;fake
2791;2791;Real;real;real
273;273;Real;real;fake
3370;3370;Real;fake;fake
1183;1183;Real;real;real
620;620;Real;real;real
2416;2416;Real;real;real
5275;1673;Fake;fake;fake
4661;1059;Fake;fake;real
4892;1290;Fake;fake;real
6081;2479;Fake;fake;real
5751;2149;Fake;fake;real
2767;2767;Real;real;fake
5883;2281;Fake;fake;real
1933;1933;Real;real;fake
2991;2991;Real;real;fake
6241;2639;Fake;fake;fake
581;581;Real;real;fake
2687;2687;Real;real;real
5753;2151;Fake;fake;real
2308;2308;Real;real;fake
3981;379;Fake;fake;fake
2372;2372;Real;real;real
3612;10;Fake;fake;fake
6289;2687;Fake;fake;real
3778;176;Fake;real;real
6594;2992;Fake;fake;real
6886;3284;Fake;fake;real
3777;175;Fake;fake;fake
5369;1767;Fake;fake;real
397;397;Real;real;real
884;884;Real;real;fake
2008;2008;Real;real;real
4776;1174;Fake;fake;real
1021;1021;Real;real;real
5091;1489;Fake;fake;fake
2018;2018;Real;real;fake
4269;667;Fake;real;real
2231;2231;Real;real;real
3885;283;Fake;fake;real
3086;3086;Real;real;real
5836;2234;Fake;fake;fake
310;310;Real;real;real
3681;79;Fake;real;real
3516;3516;Real;real;real
5839;2237;Fake;fake;real
5929;2327;Fake;fake;fake
541;541;Real;real;fake
2714;2714;Real;real;real
2316;2316;Real;real;fake
1900;1900;Real;real;real
1854;1854;Real;real;fake
5348;1746;Fake;real;real
1650;1650;Real;real;fake
478;478;Real;real;fake
3039;3039;Real;real;real
5045;1443;Fake;fake;real
1718;1718;Real;real;real
4940;1338;Fake;fake;fake
248;248;Real;fake;real
1279;1279;Real;fake;fake
611;611;Real;real;real
540;540;Real;real;fake
3729;127;Fake;real;real
5327;1725;Fake;fake;real
1153;1153;Real;real;real
5676;2074;Fake;fake;fake
4459;857;Fake;fake;fake
121;121;Real;real;real
5555;1953;Fake;fake;real
6489;2887;Fake;fake;fake
1686;1686;Real;real;fake
3488;3488;Real;real;fake
1512;1512;Real;real;fake
6623;3021;Fake;fake;fake
4473;871;Fake;fake;fake
2719;2719;Real;real;fake
5140;1538;Fake;real;real
4445;843;Fake;fake;fake
4927;1325;Fake;fake;real
6142;2540;Fake;fake;real
6608;3006;Fake;real;real
1103;1103;Real;real;real
931;931;Real;real;real
356;356;Real;fake;fake
3131;3131;Real;real;real
4612;1010;Fake;fake;fake
1438;1438;Real;real;fake
5803;2201;Fake;fake;fake
2608;2608;Real;real;fake
3241;3241;Real;real;fake
3403;3403;Real;real;fake
274;274;Real;real;real
2694;2694;Real;real;real
2537;2537;Real;real;fake
2170;2170;Real;real;real
3360;3360;Real;real;real
6276;2674;Fake;fake;real
2915;2915;Real;real;fake
1323;1323;Real;real;fake
6615;3013;Fake;fake;fake
672;672;Real;real;fake
2769;2769;Real;real;real
1626;1626;Real;real;fake
5134;1532;Fake;fake;fake
1194;1194;Real;real;real
2544;2544;Real;real;real
5711;2109;Fake;fake;fake
2159;2159;Real;real;real
4356;754;Fake;fake;real
1720;1720;Real;real;fake
6972;3370;Fake;fake;fake
3512;3512;Real;real;fake
6800;3198;Fake;fake;real
1568;1568;Real;real;fake
2068;2068;Real;real;real
178;178;Real;real;real
1658;1658;Real;real;fake
1884;1884;Real;real;real
892;892;Real;real;real
4065;463;Fake;fake;real
6080;2478;Fake;fake;fake
6374;2772;Fake;fake;real
5583;1981;Fake;fake;fake
4770;1168;Fake;fake;fake
5440;1838;Fake;fake;fake
4117;515;Fake;fake;real
3196;3196;Real;real;real
5849;2247;Fake;fake;fake
3793;191;Fake;fake;fake
5866;2264;Fake;fake;fake
3476;3476;Real;real;real
1406;1406;Real;real;real
5733;2131;Fake;fake;real
5132;1530;Fake;fake;real
6793;3191;Fake;fake;fake
4384;782;Fake;fake;fake
812;812;Real;real;fake
4295;693;Fake;fake;real
5718;2116;Fake;fake;real
3755;153;Fake;real;real
2175;2175;Real;real;real
5246;1644;Fake;fake;real
7050;3448;Fake;fake;real
2682;2682;Real;real;real
304;304;Real;real;real
1366;1366;Real;real;fake
2802;2802;Real;real;fake
4708;1106;Fake;fake;fake
6645;3043;Fake;fake;real
2864;2864;Real;real;real
2539;2539;Real;real;fake
7097;3495;Fake;fake;fake
2142;2142;Real;fake;fake
2885;2885;Real;real;real
2253;2253;Real;real;fake
6389;2787;Fake;fake;fake
5659;2057;Fake;fake;fake
6065;2463;Fake;fake;fake
5388;1786;Fake;fake;real
809;809;Real;real;real
6936;3334;Fake;fake;fake
1696;1696;Real;real;fake
3520;3520;Real;real;real
2626;2626;Real;real;fake
316;316;Real;real;fake
3731;129;Fake;fake;fake
6678;3076;Fake;fake;real
4787;1185;Fake;fake;fake
1996;1996;Real;real;fake
6360;2758;Fake;fake;fake
3028;3028;Real;real;fake
7189;3587;Fake;fake;real
4172;570;Fake;fake;fake
3589;3589;Real;real;fake
647;647;Real;real;real
5328;1726;Fake;fake;real
3594;3594;Real;real;real
371;371;Real;real;fake
5067;1465;Fake;fake;fake
2048;2048;Real;real;fake
6916;3314;Fake;fake;fake
5606;2004;Fake;fake;real
2041;2041;Real;fake;fake
4548;946;Fake;fake;real
5543;1941;Fake;fake;fake
3566;3566;Real;real;real
315;315;Real;real;fake
2833;2833;Real;real;fake
4678;1076;Fake;fake;real
6058;2456;Fake;fake;fake
4685;1083;Fake;fake;real
1125;1125;Real;real;fake
1565;1565;Real;real;fake
5582;1980;Fake;fake;fake
5978;2376;Fake;fake;real
1358;1358;Real;real;real
2899;2899;Real;fake;fake
6587;2985;Fake;fake;fake
2098;2098;Real;real;real
5646;2044;Fake;fake;fake
2342;2342;Real;real;real
6320;2718;Fake;fake;real
4181;579;Fake;fake;fake
6728;3126;Fake;fake;real
5727;2125;Fake;fake;real
5451;1849;Fake;fake;real
2054;2054;Real;real;real
4247;645;Fake;real;real
3576;3576;Real;real;fake
379;379;Real;real;fake
5313;1711;Fake;fake;real
2649;2649;Real;real;fake
2222;2222;Real;real;fake
1182;1182;Real;real;real
6490;2888;Fake;fake;real
2785;2785;Real;real;fake
3773;171;Fake;fake;real
6556;2954;Fake;fake;fake
3055;3055;Real;fake;fake
2583;2583;Real;real;real
981;981;Real;real;fake
5077;1475;Fake;fake;fake
5575;1973;Fake;fake;real
2898;2898;Real;real;real
4324;722;Fake;fake;fake
1546;1546;Real;real;fake
7120;3518;Fake;fake;fake
4251;649;Fake;fake;real
3149;3149;Real;real;fake
5912;2310;Fake;fake;real
5992;2390;Fake;fake;fake
10;10;Real;real;fake
5990;2388;Fake;fake;real
360;360;Real;real;fake
4099;497;Fake;real;real
1947;1947;Real;real;fake
172;172;Real;fake;fake
3443;3443;Real;real;fake
2720;2720;Real;fake;fake
3621;19;Fake;real;real
1927;1927;Real;real;fake
6863;3261;Fake;fake;fake
2023;2023;Real;real;real
5952;2350;Fake;fake;real
4039;437;Fake;fake;fake
5796;2194;Fake;fake;real
5541;1939;Fake;fake;fake
3635;33;Fake;fake;fake
2971;2971;Real;real;real
5578;1976;Fake;fake;fake
673;673;Real;real;fake
6616;3014;Fake;fake;real
6791;3189;Fake;fake;fake
3642;40;Fake;fake;real
6695;3093;Fake;fake;real
5294;1692;Fake;fake;real
3795;193;Fake;fake;real
179;179;Real;fake;real
3240;3240;Real;fake;fake
4828;1226;Fake;fake;fake
2075;2075;Real;real;real
4063;461;Fake;fake;fake
1148;1148;Real;real;real
1218;1218;Real;real;fake
6111;2509;Fake;fake;real
4756;1154;Fake;fake;real
5355;1753;Fake;fake;fake
3130;3130;Real;real;real
4293;691;Fake;fake;fake
5708;2106;Fake;fake;real
3819;217;Fake;fake;fake
4359;757;Fake;fake;real
3695;93;Fake;real;real
2190;2190;Real;real;real
1902;1902;Real;real;fake
2777;2777;Real;real;fake
6774;3172;Fake;fake;real
1297;1297;Real;real;real
555;555;Real;real;fake
5607;2005;Fake;fake;real
7194;3592;Fake;fake;fake
4581;979;Fake;fake;fake
1576;1576;Real;real;real
2625;2625;Real;real;real
4066;464;Fake;fake;real
2708;2708;Real;real;fake
4543;941;Fake;fake;fake
6256;2654;Fake;fake;real
3685;83;Fake;fake;fake
1609;1609;Real;real;real
389;389;Real;real;fake
1768;1768;Real;real;fake
5408;1806;Fake;fake;real
218;218;Real;real;real
2286;2286;Real;real;fake
3653;51;Fake;real;real
644;644;Real;real;fake
3250;3250;Real;real;real
5343;1741;Fake;fake;fake
2804;2804;Real;real;real
4884;1282;Fake;fake;real
154;154;Real;fake;fake
6223;2621;Fake;fake;real
7199;3597;Fake;real;real
6580;2978;Fake;fake;real
3837;235;Fake;fake;fake
3509;3509;Real;real;real
5974;2372;Fake;fake;real
901;901;Real;fake;fake
3744;142;Fake;fake;real
433;433;Real;real;real
6744;3142;Fake;fake;real
1662;1662;Real;real;real
